time,Open,High,Low,Close,Volume,Ret_5d,Ret_20d
2013-05-19,115.5,123.88,115.5,120.5,0.0,-0.10938654841093876,
2013-05-23,122.58,125.75,122.58,125.75,0.0,0.3817162949126469,
2013-05-27,131.7,134.6,128.99,128.99,0.0,0.21231203007518795,
2013-05-31,129.18,132.13,127.4,127.98,0.0,0.13246615343774892,
2013-06-03,129.09,129.09,121.16,121.16,0.0,0.06131744919411353,
2013-06-07,121.31,121.71,119.0,119.0,0.0,-0.012448132780082943,
2013-06-11,110.09,110.09,99.75,105.99,0.0,-0.15713717693836982,
2013-06-15,108.9,108.9,98.4,98.4,0.0,-0.23715016667958755,
2013-06-19,99.99,106.55,99.99,106.55,0.0,-0.16744803875605563,
2013-06-23,107.9,110.91,107.25,107.25,0.0,-0.11480686695278963,
2013-06-27,108.0,108.0,102.44,103.39,0.0,-0.13117647058823534,
2013-06-30,99.66,99.66,93.33,95.39,0.0,-0.10000943485234448,
2013-07-03,97.5,97.5,89.49,90.8,0.0,-0.07723577235772361,
2013-07-07,78.8,78.8,67.81,68.08,0.0,-0.36105114969497887,
2013-07-11,77.5,85.75,76.39,85.75,0.0,-0.20046620046620045,
2013-07-15,93.8,95.58,88.06,94.0,0.0,-0.09082116258825801,-0.3052475979305248
2013-07-19,97.3,98.98,88.79,88.79,0.0,-0.06918964252018023,-0.02439292385452152
2013-07-23,91.57,91.7,89.28,91.7,0.0,0.009911894273127775,-0.13815789473684215
2013-07-27,94.58,96.95,94.13,94.13,0.0,0.38263807285546414,-0.16706486151667999
2013-07-31,94.01,110.34,94.01,110.34,0.0,0.2867638483965016,-0.03346180798878762
2013-08-03,106.23,106.23,101.61,103.7,0.0,0.10319148936170208,-0.1394190871369294
2013-08-07,104.86,106.75,104.86,106.75,0.0,0.20227503097195632,-0.15109343936381714
2013-08-11,101.67,103.77,101.67,103.77,0.0,0.1316248636859323,-0.1955190324831383
2013-08-15,105.18,111.87,105.18,111.87,0.0,0.18846276426219077,-0.12587904360056257
2013-08-19,109.87,118.78,109.87,118.78,0.0,0.0764908464745333,-0.019643446682073296
2013-08-23,120.5,122.5,120.0,120.0,0.0,0.15718418514946952,0.008403361344537785
2013-08-27,120.44,125.67,120.44,125.67,0.0,0.17723653395784544,0.1856778941409567
2013-08-31,123.02,137.76,123.02,137.76,0.0,0.32755131540907767,0.3999999999999999
2013-09-03,138.17,138.17,137.17,137.51,0.0,0.22919460087601662,0.29056780854059117
2013-09-07,135.21,135.21,123.73,123.73,0.0,0.041673682438120974,0.1536596736596736
2013-09-11,121.77,131.65,121.77,131.65,0.0,0.09708333333333341,0.27333397814101956
2013-09-15,134.22,135.05,129.95,129.95,0.0,0.034057452056974524,0.3623021281056713
2013-09-19,131.48,132.06,130.23,130.23,0.0,-0.05466027874564461,0.43425110132158573
2013-09-23,128.57,128.57,126.73,126.73,0.0,-0.07839429859646563,0.8614864864864866
2013-09-27,126.09,131.84,126.09,131.84,0.0,0.06554594681968795,0.5374927113702623
2013-09-30,133.93,140.28,131.65,131.65,0.0,0.0,0.40053191489361706
2013-10-03,132.55,132.55,123.07,123.07,0.0,-0.05294343978453253,0.3860795134587227
2013-10-07,128.26,129.57,127.56,128.38,0.0,-0.014205636182139214,0.3999999999999999
2013-10-11,125.72,130.9,125.72,130.27,0.0,0.027933401720192652,0.38393710825454175
2013-10-15,135.35,143.89,135.35,143.89,0.0,0.09139866504854366,0.3040601776327714
2013-10-19,143.61,170.51,143.61,170.51,0.0,0.2951766046334978,0.644262295081967
2013-10-23,172.01,206.78,172.01,206.78,0.0,0.680182010238076,0.9370491803278689
2013-10-27,198.8,198.8,172.48,189.83,0.0,0.47865711169964187,0.8293341042690567
2013-10-31,198.55,204.39,198.55,203.88,0.0,0.5650571889153295,0.8224725127379993
2013-11-03,205.26,212.45,205.26,212.45,0.0,0.4764750851344779,0.7886007745411685
2013-11-07,226.28,295.63,226.28,295.63,0.0,0.7337986041874378,1.4635833333333332
2013-11-11,332.02,358.0,313.0,340.55,0.0,0.6469194312796209,1.7098750696268006
2013-11-15,355.48,424.16,355.48,424.16,0.0,1.2344202707685823,2.0789779326364695
2013-11-19,437.41,614.4,437.41,614.4,0.0,2.013537374926427,3.4680386880954117
2013-11-23,565.34,819.31,565.34,819.31,0.0,2.856483878559661,5.6217570516447095
2013-11-27,764.43,914.13,764.43,914.13,0.0,2.0921422047830056,5.943638435244967
2013-11-30,979.08,1127.45,979.08,1127.45,0.0,2.3106739098517104,7.6760292420161615
2013-12-03,1033.39,1078.64,974.03,1078.64,0.0,1.5430026405130142,7.282576979190663
2013-12-07,1121.48,1121.48,811.98,811.98,0.0,0.3215820312500002,5.407164838633315
2013-12-11,743.11,927.78,743.11,887.08,0.0,0.08271594390401682,5.728458737864078
2013-12-15,878.17,897.27,854.62,854.62,0.0,-0.06510014986927459,5.491606532472464
2013-12-19,789.15,789.15,559.36,677.84,0.0,-0.3987848685085813,4.507759811489397
2013-12-23,694.25,694.25,596.12,645.75,0.0,-0.40132945190239566,4.029989094874591
2013-12-27,659.94,734.59,659.94,734.27,62881800.0,-0.09570432769280035,4.6365241421662695
2013-12-31,738.81,760.52,726.47,755.16,21903500.0,-0.14871263020246206,4.248175689763014
2014-01-03,767.74,825.47,767.74,825.47,54171500.0,-0.03410872668554443,3.8411823353469012
2014-01-07,849.14,936.38,826.5,826.5,80268100.0,0.2193142924583973,2.9970016442595995
2014-01-11,838.32,905.72,838.32,905.72,48299500.0,0.4025861401471158,3.77121635147237
2014-01-15,867.45,867.45,838.05,860.44,28600400.0,0.17183052555599443,3.220325681773593
2014-01-19,837.98,840.0,812.9,838.17,17574100.0,0.10992372477355783,2.9452577076959283
2014-01-23,869.15,869.57,846.97,846.97,18412100.0,0.02604576786557966,1.8649663430639651
2014-01-27,808.32,891.86,804.39,891.86,32539200.0,0.07908045977011491,1.6188812215533694
2014-01-31,777.0,817.93,777.0,817.93,31107400.0,-0.09692841054630574,0.928352508487363
2014-02-03,832.52,836.41,813.38,813.38,12759200.0,-0.0546929477941519,0.32386067708333344
2014-02-07,832.36,832.36,721.32,721.32,65733100.0,-0.13941085937220365,-0.11960063956255862
2014-02-11,701.61,701.61,672.07,697.76,121884000.0,-0.17616916773911717,-0.23669499961712226
2014-02-15,655.26,655.26,623.57,644.1,57350800.0,-0.27780144865786105,-0.4287108075746153
2014-02-19,613.85,645.14,613.85,620.99,13276100.0,-0.24077855073172516,-0.4242842839130758
2014-02-23,593.89,622.97,571.06,622.97,44590700.0,-0.2340972239297745,-0.23277666937609298
2014-02-27,572.39,586.28,489.31,586.28,38219000.0,-0.18721233294515616,-0.3390900482481851
2014-02-28,567.2,585.79,560.11,585.79,24649000.0,-0.16047064893373086,-0.3145608574571155
2014-03-07,675.0,675.0,617.62,617.62,29823000.0,-0.0411116286290949,-0.08884102443054409
2014-03-11,610.37,636.17,610.37,624.23,12542300.0,0.005217475321663834,-0.03332559039876115
2014-03-15,638.07,639.03,629.67,638.07,5963930.0,0.02423872738655164,-0.13101447696351465
2014-03-19,629.55,629.55,610.64,610.64,15227500.0,0.04155011257419661,-0.191376661899465
2014-03-23,592.07,592.07,561.22,567.78,10283000.0,-0.03074480615920383,-0.31217367075726565
2014-03-27,571.42,584.44,567.64,567.64,22316700.0,-0.0809235452219812,-0.313200241984271
2014-03-31,503.66,503.66,457.4,457.4,56838500.0,-0.26725726094548485,-0.4949874133286226
2014-04-03,478.72,478.72,437.52,447.08,40765500.0,-0.2993245255222782,-0.4804053739947004
2014-04-07,448.88,464.83,448.88,457.79,9802770.0,-0.25031114895846973,-0.453822017013255
2014-04-11,450.46,450.46,360.84,420.06,62562800.0,-0.2601711930677375,-0.504043826817951
2014-04-15,420.66,520.12,414.95,520.12,49561000.0,-0.08371503065323094,-0.416814298208239
2014-04-19,529.16,529.16,478.23,501.55,19588200.0,0.09652383034543077,-0.3868057168706368
2014-04-23,497.32,497.32,484.85,487.53,8412033.043193607,0.09047597745369962,-0.4006122599522979
2014-04-27,494.27,494.27,437.92,437.92,9760121.834963577,-0.04340418095633369,-0.39289081129041203
2014-04-30,436.92,445.0,436.92,445.0,13054745.683608102,0.059372470599438065,-0.3622448979591837
2014-05-03,455.09,455.09,434.03,434.03,9446958.635517636,-0.16551949550103828,-0.3261450085390468
2014-05-07,433.94,439.3,426.76,439.3,16360711.036365218,-0.12411524274748276,-0.2925812009855231
2014-05-11,437.36,452.51,436.28,436.28,11522907.034093864,-0.10512173609829134,-0.29967735203942414
2014-05-15,439.19,444.25,437.31,444.25,6219944.38500291,0.014454694921446798,-0.24225625980760046
2014-05-19,445.17,445.85,443.87,443.87,11697296.019628461,-0.0025393258426966714,-0.24227112105020565
2014-05-23,483.42,524.48,483.42,524.48,30253343.70043255,0.20839573301384706,-0.15080470192027462
2014-05-27,523.11,579.62,523.11,569.48,33059214.23635299,0.2963350785340315,-0.08770805632539291
2014-05-31,571.55,621.15,565.26,620.5,18656368.10083591,0.42225176492161,-0.027536163743789976
2014-06-03,640.16,667.37,640.16,667.37,37419432.11298669,0.5022397298818233,0.09290252849469405
2014-06-07,641.18,658.1,641.18,651.71,12954147.496912882,0.46824520692995697,0.1478213392511185
2014-06-11,649.9,649.9,630.04,630.04,20706208.81438605,0.20126601586333126,0.10992882813050531
2014-06-15,567.18,594.68,567.18,583.41,19377536.876052536,0.02446091170892739,0.275491910800175
2014-06-19,592.52,607.16,592.52,593.39,11266428.30113169,-0.04369057211925864,0.32725686677999466
2014-06-23,590.06,595.04,586.15,586.15,11249420.61918756,-0.12170160480692871,0.28039057209637597
2014-06-27,582.41,598.24,561.47,598.24,19906418.825948466,-0.08204569517116511,0.4241774984526021
2014-06-30,594.87,637.75,594.87,637.75,47015974.05882847,0.012237318265507113,0.22615934784280545
2014-07-03,643.94,648.11,640.28,640.28,18539083.74715486,0.09747861709603889,0.2766025321503338
2014-07-07,627.13,631.0,619.5,619.5,18525910.64620546,0.044001415595139814,0.2706910343978832
2014-07-11,620.05,630.84,615.13,630.84,15836826.82458833,0.07624328243623646,0.4405370843989771
2014-07-15,633.64,633.64,618.21,618.95,10776372.317991683,0.03461821342604976,0.3908988764044945
2014-07-19,614.15,627.02,614.15,626.18,7640657.031253545,-0.018141905135241165,0.4427113333179733
2014-07-23,620.51,620.51,617.94,617.94,9043046.013458895,-0.034890985193977486,0.4066469383109492
2014-07-27,599.81,600.1,590.38,590.38,9300140.74662901,-0.047005649717514086,0.3532135325937471
2014-07-31,585.28,585.28,560.79,583.18,23252091.391060743,-0.07555006023714428,0.3127293190770961
2014-08-03,593.87,593.87,585.57,585.57,9179432.125804095,-0.0539300428144438,0.3192376146168925
2014-08-07,586.37,587.2,582.42,587.2,11942668.461052554,-0.06225047111054316,0.11958511287370355
2014-08-11,590.91,590.91,573.41,573.41,16394404.861505693,-0.0720620124931225,0.006901032520896244
2014-08-15,567.4,567.4,492.28,492.28,31123413.362281278,-0.16616416545275925,-0.20663980660757453
2014-08-19,521.05,521.05,459.89,484.15,45173284.02810885,-0.169810350149182,-0.27454035992028414
2014-08-23,514.19,515.83,496.57,496.57,23986341.558129977,-0.15198866062127503,-0.23805066670758468
2014-08-27,508.11,510.64,500.39,510.45,21505988.92038193,-0.13070504087193469,-0.1898133451844327
2014-08-31,506.92,508.1,480.03,480.03,43358429.758384064,-0.16285031652744109,-0.17719956805676973
2014-09-03,475.82,475.82,474.69,474.73,14233663.71176932,-0.03565044283740948,-0.199969665818433
2014-09-07,489.55,489.55,480.24,480.6,7748654.382831849,-0.007332438293917054,-0.1800733600614176
2014-09-11,471.13,477.11,471.13,476.38,14579193.13186878,-0.04065892019252071,-0.20369751270393155
2014-09-15,473.69,476.0,473.03,473.03,12723496.884358438,-0.07330786560877656,-0.2582830262642102
2014-09-19,462.59,462.59,393.26,393.26,47766762.1622319,-0.18075953586234195,-0.38579996251639903
2014-09-23,408.5,433.75,396.62,433.75,57448184.246617585,-0.08632275188001604,-0.29983857949959647
2014-09-27,420.92,420.92,398.01,398.01,16698720.05207724,-0.1718476903870163,-0.3690793228076851
2014-09-30,375.99,387.35,373.09,387.35,34519038.81008948,-0.18688861832990467,-0.37418208255917285
2014-10-03,380.89,380.89,356.19,356.19,29080111.339532,-0.2470033613090078,-0.4311699511322622
2014-10-07,327.88,331.72,325.11,331.72,43924704.45993865,-0.156486802624218,-0.46318412790885843
2014-10-11,353.39,359.52,353.39,359.52,32266988.405666195,-0.171135446685879,-0.39103628171686033
2014-10-15,374.17,398.29,374.17,392.19,49257724.14281866,-0.014622748172156474,-0.32749751363215474
2014-10-19,379.39,389.12,379.39,386.95,32870166.09728563,-0.0010326578030206424,-0.3391908738494117
2014-10-23,379.77,382.41,356.2,356.2,48354309.486003265,2.8074903843489096e-05,-0.3933923705722071
2014-10-27,354.32,354.32,347.03,348.29,40322147.37977852,0.04995176655010236,-0.39259866413212174
2014-10-31,351.56,351.56,333.15,336.59,30524273.859307867,-0.0637794837561193,-0.3162631022995044
2014-11-03,323.98,324.0,323.98,324.0,40772300.42284785,-0.17386980800122387,-0.3307859134565734
2014-11-07,328.01,347.82,328.01,341.23,40263476.29477718,-0.11815480036180381,-0.3128259862657832
2014-11-11,344.18,366.15,344.18,366.15,45679773.63975148,0.027933745087029838,-0.28269174258007645
2014-11-15,418.58,418.58,377.33,377.33,99179350.3470273,0.0833787935341237,-0.21394496177322253
2014-11-19,387.62,387.62,374.87,376.79,84367865.3742223,0.11943313823940116,-0.20630674278010652
2014-11-23,355.39,366.78,349.39,366.78,71063869.31374641,0.13203703703703695,-0.23682896379525598
2014-11-27,377.74,377.74,365.77,368.45,70974036.26141815,0.07977024294464141,-0.22656282799445826
2014-11-30,376.95,376.95,374.96,376.47,74926943.90674321,0.02818517001229015,-0.20413081622730045
2014-12-03,379.49,381.38,374.1,374.1,74772912.71073525,-0.008560146291044846,-0.048720947973350914
2014-12-07,368.23,376.38,368.23,374.45,38514374.875024594,-0.006210355901165143,-0.13671469740634012
2014-12-11,361.43,361.43,346.91,346.91,118502898.82834333,-0.05417416434920097,-0.12838873395140815
2014-12-15,351.5,351.5,344.62,344.62,30644200.622725755,-0.06467634685846113,-0.11031366980766755
2014-12-19,328.53,328.53,309.77,317.54,60607669.3459044,-0.15653305708290166,-0.10850950335495091
2014-12-23,328.77,333.97,319.5,333.97,58571793.10819222,-0.10727078321304462,0.0067828288918365676
2014-12-27,322.19,327.72,314.57,314.57,145862961.0588076,-0.15991454132728,-0.1250278148642634
2014-12-31,316.49,317.38,310.08,317.38,71036111.34880373,-0.08512294254994102,-0.1907493816772483
2015-01-03,313.99,314.45,286.57,286.57,118778941.40912902,-0.16844640473565087,-0.259413360899341
2015-01-07,260.94,295.87,260.94,295.87,110674232.97875299,-0.06824337091390065,-0.16937113980909602
2015-01-11,284.45,289.57,267.18,267.18,73256737.91089578,-0.19998802287630635,-0.23288064543914555
2015-01-15,268.35,268.35,172.15,210.56,257637517.29041365,-0.33064182852783164,-0.3744318013012864
2015-01-19,205.82,214.55,199.49,214.55,105545327.33818196,-0.3239964711071901,-0.3378086419753086
2015-01-23,210.51,232.9,210.51,232.9,126038219.2115576,-0.1872840841679171,-0.3174691557014331
2015-01-27,248.1,271.29,248.1,259.24,339951744.7443284,-0.12380437354243412,-0.2919841594974737
2015-01-31,232.53,232.53,218.02,218.02,92459195.63435939,-0.18399580806946625,-0.4222033763549148
2015-02-03,226.27,240.02,226.01,226.01,135790231.88905972,0.07337575987841949,-0.4001698558878952
2015-02-07,225.31,227.21,216.91,227.21,80694160.19495533,0.05900722442321138,-0.380527836850428
2015-02-11,222.91,222.91,219.1,219.1,65150873.75436823,-0.0592528982395879,-0.4053467227574976
2015-02-15,222.04,259.01,222.04,233.0,199965387.6619376,-0.10121894769325723,-0.3810927829574734
2015-02-19,235.92,242.46,234.62,240.3,71396084.8246788,0.10219245940739374,-0.35765838011226947
2015-02-23,244.08,244.15,235.55,238.13,61755698.92656742,0.05362594575461266,-0.36405394578715444
2015-02-27,238.73,253.9,236.17,253.9,137186494.71170896,0.11746842128427448,-0.2681098844080597
2015-02-28,253.6,280.62,253.6,280.62,85884430.30666418,0.28078502966681884,-0.1857117985026986
2015-03-07,273.02,275.58,272.34,275.58,50059694.67622344,0.18274678111587983,-0.13214083265100474
2015-03-11,274.58,295.96,274.58,295.96,73794326.12201199,0.23162713275072822,-0.11381261789981145
2015-03-15,293.92,293.92,281.49,285.26,32203956.61897762,0.19791710410280094,-0.09317481005817463
2015-03-19,290.1,290.1,255.61,260.0,133194355.06279549,0.024025206774320518,-0.18079274056336248
2015-03-23,260.91,267.8,259.49,266.03,73040649.64393184,-0.05199201767514805,-0.0716753323795234
2015-03-27,245.17,247.56,245.17,247.15,90325941.05609,-0.10316423543072784,-0.1646669145232703
2015-03-31,252.05,252.05,241.91,243.27,76545513.49477836,-0.1780308149749965,-0.08949023130473832
2015-04-03,246.78,253.62,246.78,253.62,94243302.29425739,-0.11091635700764213,0.20450227963525847
2015-04-07,253.32,259.71,253.21,253.21,88508043.4273131,-0.02611538461538454,0.1801910976462362
2015-04-11,244.27,244.27,234.53,236.45,87634999.71721902,-0.11119046724053672,0.01524259338772005
2015-04-15,235.74,235.74,218.0,223.02,71588917.36395298,-0.09763301638680966,-0.1397160931954945
2015-04-19,228.0,228.0,222.42,222.68,58633108.40665714,-0.08463846754634774,0.021374185854508676
2015-04-23,224.31,235.17,224.31,235.17,55130032.39951651,-0.07274662881476235,0.040529180124773134
2015-04-27,230.99,230.99,218.51,228.57,95409417.4905671,-0.09731053275936974,0.005985652039963041
2015-04-30,225.64,236.22,225.64,236.22,103785827.2593271,-0.0009727215056036798,0.07813783660429041
2015-05-03,232.74,239.88,232.74,239.88,86630763.25450982,0.07559860102232974,0.029527896995708236
2015-05-07,238.97,238.97,229.82,236.85,74887945.15831198,0.06363391413687802,-0.014357053682896415
2015-05-11,243.66,243.66,239.55,241.85,70787411.31238237,0.028404983628864233,0.01562171922899247
2015-05-15,241.52,241.52,235.48,236.99,39256136.30427565,0.03683773023581405,-0.06660102402520673
2015-05-19,235.98,236.08,231.94,231.94,31085021.505248632,-0.01811870290407247,-0.17347302401824538
2015-05-23,234.05,240.94,234.05,239.03,47757592.65993454,-0.0035434383858595764,-0.1326293635242034
2015-05-27,241.24,241.24,237.23,237.23,30728765.83133291,0.0016043909647456278,-0.19843897824030277
2015-05-31,237.49,237.49,229.68,229.68,23353985.64778831,-0.05032044655778367,-0.19483979527448636
2015-06-03,223.32,225.74,223.32,225.48,30472196.11636243,-0.04856745010337993,-0.13276923076923086
2015-06-07,224.17,225.29,223.62,223.62,24133822.467004918,-0.035871346037768315,-0.15941811073939016
2015-06-11,228.7,229.93,228.7,229.93,28833233.41266869,-0.03807053507927871,-0.06967428687032162
2015-06-15,230.52,237.2,230.52,237.2,46839294.423419096,-0.0001264595540193536,-0.024951699757471246
2015-06-19,250.47,250.47,243.0,243.0,60767655.66479779,0.057993730407523536,-0.04187366926898506
2015-06-23,245.48,247.28,243.85,243.85,37387508.430996,0.08147064041156638,-0.03696536471703338
2015-06-27,240.54,250.62,240.54,250.62,49080095.21505225,0.12074054199087736,0.059928103193064075
2015-06-30,248.35,262.41,248.35,262.41,99893250.06832577,0.14126038359500726,0.17662093085821895
2015-07-03,257.51,257.51,254.65,255.16,42339288.96608291,0.075716694772344,0.14585952936949886
2015-07-07,260.42,271.04,260.42,265.38,64748934.30717278,0.09209876543209883,0.1284602627886211
2015-07-11,269.61,291.89,268.89,291.89,114394387.16569845,0.1970063563666189,0.27702673141707135
2015-07-15,310.19,310.19,283.95,283.95,52932167.70111447,0.1329901843428296,0.20205740411480821
2015-07-19,276.68,278.37,272.81,272.81,26896009.893020075,0.039632635951373674,0.13727697181924303
2015-07-23,277.25,277.25,274.94,275.61,34164576.518917255,0.08014579087631302,0.16364787840405337
2015-07-27,288.44,292.61,288.39,292.61,63540197.33148093,0.10260758158112893,0.20988215836262158
2015-07-31,293.99,293.99,283.68,283.68,63971590.58757594,-0.028127034156702813,0.19701253217435344
2015-08-03,280.7,281.83,280.7,281.83,41411646.7104373,-0.007466103187180884,0.2150987324308009
2015-08-07,284.24,284.24,278.01,278.51,47637462.16841643,0.020893662255782264,0.1651675521901017
2015-08-11,259.8,269.87,259.8,269.87,64124892.99653497,-0.020826530242008645,0.1375879947730052
2015-08-15,267.71,267.71,260.48,260.48,38131976.86865548,-0.10980485971087794,0.13409961685823757
2015-08-19,257.82,257.82,225.96,225.96,143390129.28370252,-0.20346869712351945,0.002128791910590788
2015-08-23,234.64,234.64,227.25,227.25,72465770.66977338,-0.193662846396764,0.01623289508988468
2015-08-27,210.09,225.27,210.09,222.97,69900344.06948392,-0.199418333273491,-0.030270082198930126
2015-08-31,231.66,231.66,228.07,230.08,58032869.77182835,-0.14744136065513025,-0.030016863406407968
2015-09-03,227.16,228.64,226.57,226.57,43765322.15025832,-0.13018273955773962,-0.06761316872427992
2015-09-07,230.05,240.5,230.05,240.5,50336412.979991846,0.06434767215436366,-0.013737953660036939
2015-09-11,243.56,243.56,237.95,240.0,44294574.3495357,0.05610561056105601,-0.04237491022264783
2015-09-15,234.91,234.91,229.91,229.91,58562863.20358095,0.031125263488361643,-0.12385198734804326
2015-09-19,228.46,232.75,228.46,231.27,39022087.91012471,0.00517211404728779,-0.09362752782567796
2015-09-23,230.66,230.66,226.45,229.87,53526673.23620633,0.014565035088493605,-0.13380812419926136
2015-09-27,233.93,234.98,232.83,232.83,75776526.63573742,-0.03189189189189179,-0.20233649662544106
2015-09-30,239.28,239.28,236.05,236.05,76056339.96172076,-0.01645833333333324,-0.16869167106885008
2015-10-03,237.74,238.97,237.26,238.97,73353042.37453015,0.03940672437040593,-0.12404237381327665
2015-10-07,238.66,246.44,238.66,243.22,121587412.75625242,0.051671206814545734,-0.11752113493704874
2015-10-11,242.9,247.54,242.9,247.54,79268221.71546365,0.07686953495453941,-0.15402754519667827
2015-10-15,245.57,254.63,245.57,254.63,207297257.62019613,0.09363054589185227,-0.10240411731528487
2015-10-19,262.37,270.36,262.23,264.21,224715633.9081733,0.11929675916119442,-0.06251995884043571
2015-10-23,270.27,277.39,267.02,277.39,130573069.75416414,0.16077331882663093,-0.004021399590678931
2015-10-27,282.96,294.81,282.96,294.81,329397533.93903714,0.2121124907491161,0.09241486641716379
2015-10-31,303.64,325.8,303.64,312.28,321997491.79856926,0.2615334895370445,0.19886363636363624
2015-11-03,325.0,398.24,325.0,398.24,987283928.3196412,0.5639948160075403,0.7624358293503275
2015-11-07,404.36,404.36,372.83,387.06,462741972.46864593,0.46497104575905546,0.7032343234323433
2015-11-11,371.5,380.64,305.98,305.98,572707252.5268553,0.1030678827643392,0.3722922366237611
2015-11-15,337.96,337.96,320.48,320.48,237800138.65869674,0.08707303008717493,0.39290681502086233
2015-11-19,331.35,335.45,325.57,325.57,206391901.26959464,0.042557960804406436,0.4369510526548086
2015-11-23,321.42,325.16,321.42,322.83,188739479.4368917,-0.18935817597428695,0.34232848232848223
2015-11-27,319.98,359.01,319.98,359.01,895711315.7104639,-0.07246938459153618,0.49587500000000007
2015-11-30,356.21,378.27,356.21,378.27,1299027009.4916246,0.23625727171710564,0.6452959853855855
2015-12-03,363.45,363.45,358.82,360.95,1149814390.1438584,0.12627933100349464,0.560729882820945
2015-12-07,362.77,394.36,362.77,394.36,1282263557.3988562,0.211290966612403,0.7155783703832601
2015-12-11,412.93,452.41,412.93,452.41,1623480958.4502342,0.4013877272868074,0.9430915260060988
2015-12-15,434.9,465.0,434.9,465.0,1555251795.3592968,0.29522854516587294,0.9699216267739885
2015-12-19,453.91,463.82,453.91,462.05,556941126.9945824,0.22148201020435154,0.9335062978616564
2015-12-23,441.13,442.82,436.24,442.82,955949147.6136756,0.22681811885302672,0.8206561960365102
2015-12-27,454.91,455.74,417.09,423.93,1378749291.4939413,0.07498224972106704,0.7125717055829361
2015-12-31,420.71,432.15,420.71,431.14,1310033274.6107447,-0.047014875886916774,0.6932019007972352
2016-01-03,434.43,434.43,430.2,430.2,984185979.6461835,-0.07483870967741935,0.6282502554785967
2016-01-07,433.53,456.43,431.34,456.43,1637948558.2555692,-0.012163185802402388,0.6454450412776236
2016-01-11,454.7,454.7,447.21,448.35,1182725805.933856,0.012488144166930226,0.5208100132288593
2016-01-15,445.79,445.79,365.91,365.91,1576734613.7039278,-0.13686221781897945,0.171736902779557
2016-01-19,384.81,386.36,379.02,379.02,1157108220.8545206,-0.1208888064201884,-0.04826235435918047
2016-01-23,418.85,418.85,377.21,389.64,755378842.1307422,-0.09428172942817292,0.006665633235157342
2016-01-27,403.06,403.06,392.33,394.49,1023661369.6216024,-0.13570536555441137,0.28926727237074323
2016-01-31,379.55,379.55,364.35,364.35,795209372.712972,-0.18735362997658078,0.1368884173739391
2016-02-03,371.04,372.87,368.12,368.12,701511710.5572596,0.006039736547238439,0.13069385999938565
2016-02-07,388.38,388.38,374.9,375.52,551083226.5427567,-0.009234341195715312,0.16321283647740303
2016-02-11,371.14,379.83,371.14,377.06,503979335.12027735,-0.03228621291448508,0.050277151054288316
2016-02-15,382.72,404.14,382.72,399.38,1388195099.8471158,0.01239575147659,0.05580669891876178
2016-02-19,407.01,421.42,407.01,419.38,601898504.2767404,0.15103609167009724,0.16187837650644132
2016-02-23,441.12,441.12,420.3,420.3,1465084346.963302,0.14174725632945773,0.06577746221726333
2016-02-27,423.19,432.14,423.14,432.14,595150632.3741599,0.15077758841073718,-0.04480449150107213
2016-02-29,432.8,436.92,432.8,436.92,1847224330.8996885,0.15875457486872113,-0.060387096774193516
2016-03-03,431.37,431.37,420.17,420.17,2737847218.462073,0.05205568631378643,-0.09063954117519746
2016-03-07,409.41,413.74,397.24,413.74,2361080396.000645,-0.013448423863798964,-0.06567002393749155
2016-03-11,411.88,419.3,411.88,419.3,2440375016.827296,-0.0023792529145848507,-0.010921614417474523
2016-03-15,410.8,415.64,410.8,415.64,2111129338.3052552,-0.038182070625260356,-0.03595119914644895
2016-03-19,416.54,418.4,406.74,406.74,1764836350.22334,-0.0690744301016204,-0.054532775453277504
2016-03-23,411.88,418.08,411.09,418.08,1985257305.3708298,-0.004974177118785339,-0.08402164625462838
2016-03-27,414.88,425.35,414.88,425.35,2326287423.8189363,0.02806110117465077,-0.05129920820787326
2016-03-31,422.76,422.76,412.6,415.37,1432304098.8288007,-0.009372764130693989,0.1351698505096881
2016-04-03,416.75,419.67,416.75,418.19,429476810.3973782,0.006135116928110973,0.10334546989604765
2016-04-07,419.44,422.65,419.44,421.08,593936633.4999853,0.03525593745390165,0.08068986757006469
2016-04-11,418.47,422.58,416.15,422.58,710470936.9100323,0.010763490241102236,0.07120586073157731
2016-04-15,426.18,429.97,424.27,429.97,841700526.6271452,0.010861643352533257,0.18010155070673806
2016-04-19,430.94,436.37,428.03,436.37,674540887.3072404,0.05055733442472965,0.1854014995110289
2016-04-23,441.92,451.82,441.92,451.82,835075482.691219,0.08041799182189924,0.2031849169152109
2016-04-27,459.92,467.86,444.79,444.79,1344104894.4750998,0.056307590006649644,0.17962658462844106
2016-04-30,449.38,456.57,447.9,447.9,577836728.8566968,0.059917648729234774,0.12148830687565715
2016-05-03,452.59,452.59,444.49,450.3,460396814.0834587,0.0472823685373398,0.07372788401926655
2016-05-07,447.12,461.62,447.12,459.25,418352341.33987755,0.05243256869170665,0.09267190102307876
2016-05-11,459.28,461.75,450.33,452.18,672525013.6120929,0.0007967774777566383,0.04637386032304347
2016-05-15,454.73,457.84,454.73,457.84,514727783.64522,0.029339688392274965,0.047880618877597536
2016-05-19,454.89,454.89,440.54,440.54,626926267.8026723,-0.016432239339138066,0.04848037699026575
2016-05-23,441.89,443.18,438.68,443.18,378979422.05785537,-0.015811681101487896,0.071155798327452
2016-05-27,445.77,473.86,445.77,473.86,1609915743.8194053,0.031812738160043486,0.13012163129024557
2016-05-31,528.55,534.22,524.62,531.41,976889071.4702431,0.1752178336060859,0.2785343085362333
2016-06-03,539.17,570.44,538.83,570.44,947549857.3776044,0.24593744539577167,0.402468407336382
2016-06-07,573.53,585.56,573.53,577.91,995595869.9524367,0.3118218549961409,0.38229525449674706
2016-06-11,583.14,597.75,577.61,597.75,567638086.2563363,0.34877476420416076,0.40531327142353346
2016-06-15,671.71,704.29,671.71,693.23,1111645975.7525933,0.4629426412864559,0.6689457592026387
2016-06-19,765.46,765.46,749.42,764.05,1440147059.442583,0.4377787395796089,0.8270403405150768
2016-06-23,734.16,734.16,591.9,623.21,2950728708.757519,0.09250753804081047,0.48002754820936655
2016-06-27,661.42,666.06,629.31,648.3,1893446210.5502865,0.12180097246976174,0.53414738037768
2016-06-30,646.84,671.62,637.44,671.62,1557452114.6606188,0.1235800920117105,0.5620159546014838
2016-07-03,677.71,693.05,664.75,664.75,1980745475.1931427,-0.04108304603089885,0.5233632009533193
2016-07-07,678.7,678.7,638.62,638.62,2122556832.5577588,-0.1641646489104116,0.4134389801248286
2016-07-11,665.74,665.74,649.07,649.07,969355597.1380028,0.04149484122526914,0.4592729153083479
2016-07-15,670.95,670.95,658.15,665.69,915530669.9477481,0.026824001233996864,0.4862469301183301
2016-07-19,663.5,678.39,663.5,674.56,721148317.6858412,0.004377475358089411,0.49802353986231385
2016-07-23,670.89,670.89,651.09,655.42,749951409.4708184,-0.014035351635953375,0.4271529667936853
2016-07-27,660.85,660.85,651.31,655.62,701731382.8989863,0.02661989915755858,0.4499093281436597
2016-07-31,655.89,657.34,623.75,623.75,1034681070.1406333,-0.039009659975041244,0.3623755023589028
2016-08-03,605.75,605.75,517.13,567.38,2497221230.7124486,-0.14768135318241227,0.28791937168021065
2016-08-07,576.6,592.67,576.03,592.67,1119146426.823175,-0.12139765180265649,0.33731215307549967
2016-08-11,590.71,592.27,585.3,587.61,332761748.8841695,-0.10346037655243956,0.24004980373950113
2016-08-15,586.53,586.53,567.73,567.73,689576137.4962289,-0.13405631310820287,0.06834647447357045
2016-08-19,578.22,578.22,571.46,573.49,404401760.5949999,-0.08057715430861723,0.005346749877287671
2016-08-23,581.95,585.22,580.59,582.0,602216568.6591012,0.02576756318516682,0.007077226557768546
2016-08-27,577.89,578.1,568.58,568.58,445311513.3907298,-0.04064656554237589,-0.04879966541196146
2016-08-31,573.53,576.08,571.76,571.76,335483654.44544333,-0.026973673014414334,-0.17522323038529786
2016-09-03,571.59,596.2,571.59,596.2,561496914.7850986,0.05014707695559517,-0.2196845756167789
2016-09-07,608.69,614.33,606.64,614.33,597124132.7229276,0.07121309874627291,-0.014248808587795425
2016-09-11,625.47,625.47,605.32,605.32,1228662231.0267904,0.040068728522336894,-0.06629646768471376
2016-09-15,605.83,608.43,605.58,605.58,549080254.7260385,0.06507439586337904,-0.09832941246538218
2016-09-19,606.55,608.8,605.34,608.62,1272958790.4060755,0.06446760878690361,-0.08443775855584801
2016-09-23,607.77,607.77,594.96,601.89,1471656057.198137,0.009543777255954344,-0.05751464094453673
2016-09-27,601.27,606.1,599.31,604.21,1448434854.0194743,-0.01647323099962561,-0.0691142711880075
2016-09-30,603.55,608.26,603.55,608.26,1177411408.0724049,0.004856935174783583,-0.08627138758280894
2016-10-03,614.06,614.06,610.36,611.96,767820466.9691538,0.010535354536147068,-0.0928012333965843
2016-10-07,609.24,616.22,609.24,616.22,1104537956.2128787,0.01248726627452279,-0.05980897744957425
2016-10-11,616.53,640.7,614.31,640.7,2996984110.275397,0.06448022063832282,-0.02275708489673889
2016-10-15,635.62,638.18,634.62,637.21,1644480561.890038,0.05461677231426165,0.021579158316633373
2016-10-19,640.19,640.19,628.44,628.44,1955775379.9281862,0.033176602110939424,0.1076174697733443
2016-10-23,628.54,652.09,628.54,649.63,3643525162.781228,0.06155631086999147,0.09610744596487097
2016-10-27,648.77,683.37,648.77,683.37,5041475157.287174,0.1089708221089869,0.16296523204166036
2016-10-31,687.56,715.41,687.56,698.58,6861251336.346381,0.09033869205556422,0.23047927712116678
2016-11-03,729.2,734.16,686.06,686.06,10469111039.375326,0.07666232482227198,0.19628938603986112
2016-11-07,702.11,712.13,702.11,706.09,3299753094.2893806,0.12355992616638023,0.21321305841924398
2016-11-11,708.94,721.18,708.94,715.64,3576474207.6949515,0.10161168665240217,0.2586443420450948
2016-11-15,703.76,712.16,702.35,712.16,7530105088.629448,0.042129446712615426,0.24555757660556865
2016-11-19,740.9,750.41,738.48,750.41,3235133019.0516033,0.07419336368060914,0.2586548138208653
2016-11-23,728.37,748.12,728.37,741.17,3775381682.6307497,0.08032825117336673,0.20646883596763943
2016-11-27,736.75,738.2,727.76,727.76,2688074106.338304,0.030690138650880217,0.2022731778233
2016-11-30,731.84,742.36,731.81,742.36,4489070914.743196,0.03733720865239509,0.22586611182667848
2016-12-03,753.06,771.17,753.06,764.83,2869024714.2296567,0.07395809930352737,0.2566626137819987
2016-12-07,766.37,766.37,752.24,763.91,2603948961.3748693,0.01799016537626108,0.26918539932545804
2016-12-11,768.67,773.13,768.23,768.23,5508375144.4026575,0.03650984254624445,0.27146190893894495
2016-12-15,778.43,778.43,775.57,775.57,1345904094.1102343,0.06569473452786645,0.27506329530135143
2016-12-19,781.34,790.12,781.34,790.12,1102832366.9469736,0.06433536289670783,0.2911301392247858
2016-12-23,799.72,917.1,799.72,917.1,5647399305.622811,0.1990899938548436,0.4882671773068059
2016-12-27,891.68,929.12,891.68,929.12,4597863955.069579,0.2162689322040554,0.4501638832526922
2016-12-31,977.14,977.14,960.93,966.57,3381572989.475814,0.25817788943415376,0.5168782661916793
2017-01-03,998.05,1035.53,998.05,1035.53,4399421326.952804,0.3351857343631135,0.6477786264400736
2017-01-07,1130.85,1130.85,894.03,900.08,7496626398.452948,0.1391687338632106,0.3855271462216956
2017-01-11,908.09,908.09,784.28,784.28,5258603516.371743,-0.14482608221567994,0.14766524723063634
2017-01-15,799.43,824.5,799.43,821.91,923896735.4232056,-0.11538875495092138,0.17654384608777796
2017-01-19,828.31,904.15,828.31,896.89,875858520.4030075,-0.07208996761745146,0.3073054834854094
2017-01-23,891.46,919.68,891.46,918.91,467022882.86124325,-0.11261865904416102,0.3014063363027375
2017-01-27,885.79,918.29,885.79,918.29,49029317.21219829,0.020231534974668897,0.28317310379520433
2017-01-31,920.25,968.27,914.14,968.27,101775253.2428098,0.2345973376855206,0.35962424174342855
2017-02-03,986.57,1015.44,986.57,1015.44,138411478.18957058,0.23546373690550082,0.35318026145707027
2017-02-07,1033.63,1051.5,1016.93,1051.5,89525304.92230712,0.17238457335905188,0.4187028616916497
2017-02-11,1055.3,1055.3,981.7,1010.95,61189139.07653336,0.10016214863261919,0.3891255358909531
2017-02-15,1000.52,1010.1,996.1,1008.88,38397960.040879354,0.09865075303008863,0.3590171884261004
2017-02-19,1034.9,1058.58,1034.9,1053.5,37478366.695671685,0.08802296880002491,0.3774302786240078
2017-02-23,1082.02,1185.65,1082.02,1185.65,132273779.09306018,0.16762191759237388,0.552080742495844
2017-02-27,1180.87,1193.13,1149.4,1193.13,87503104.90059088,0.13469329529243956,0.5530895695299587
2017-02-28,1190.33,1289.54,1190.33,1289.54,139855221.83568653,0.27557248132944245,0.66269969183955
2017-03-07,1268.81,1280.99,1233.06,1233.06,213974224.53913003,0.22220680358417244,0.5605983901179568
2017-03-11,1149.63,1191.24,1100.01,1181.2,169071412.54824838,0.12121499762695787,0.287972958237924
2017-03-15,1230.56,1258.46,1230.56,1258.46,72763975.2935764,0.061409353519166654,0.3544644394696057
2017-03-19,1217.31,1217.31,961.96,1023.49,177388243.2413791,-0.14218065089302934,0.058888647485438206
2017-03-23,1036.33,1112.7,1029.14,1029.14,82048831.9755843,-0.20193247204429476,-0.00617075314090354
2017-03-27,940.02,1042.61,940.02,1042.61,138288339.0282277,-0.15445314907628183,0.15835259088081033
2017-03-31,1044.72,1078.27,1031.49,1078.27,133287124.42714268,-0.08714019641043014,0.37485336869485386
2017-04-03,1085.25,1139.31,1085.25,1139.31,131765236.03753588,-0.09467921109928013,0.38617366864985225
2017-04-07,1140.5,1194.21,1132.34,1189.78,90840184.05054909,0.16247349754272133,0.32656178572623173
2017-04-11,1182.27,1226.62,1182.27,1226.62,78899688.76011947,0.19188837281613758,0.3348641325048154
2017-04-15,1218.3,1218.3,1174.21,1180.32,53325277.000297464,0.13208198655297765,0.2853455879950777
2017-04-19,1186.31,1225.72,1186.31,1225.72,71343829.93791687,0.13674682593413534,0.2658865812221798
2017-04-23,1253.9,1254.99,1247.84,1247.84,84420564.20787704,0.09525941139812688,0.22886630426219168
2017-04-27,1249.96,1331.31,1249.96,1331.31,134993633.3799261,0.11895476474642375,0.26610556348074166
2017-04-30,1321.21,1349.89,1321.21,1349.89,86247238.96408871,0.10049567103096324,0.33526880656807956
2017-05-03,1408.45,1485.82,1408.45,1485.82,206154588.92349654,0.2588281144096516,0.472742050590754
2017-05-07,1499.36,1557.88,1499.36,1557.88,149859388.43444195,0.27099174362823497,0.4787660180351212
2017-05-11,1633.38,1808.78,1633.38,1808.78,313353159.7330766,0.4495287857417618,0.5255598195082865
2017-05-15,1700.77,1767.71,1696.13,1696.13,231039670.3102772,0.2740308418024353,0.42158021338831464
2017-05-19,1716.32,1972.9,1716.32,1972.9,279848678.0797178,0.46152649475142415,0.5299253997549516
2017-05-23,2043.42,2292.7,2043.42,2292.7,389402023.7389176,0.5430536673352089,0.859358019885488
2017-05-27,2448.13,2448.13,2082.85,2082.85,683119789.1268574,0.33697717410840355,0.7633338977311208
2017-05-31,2219.49,2329.08,2167.64,2329.08,416350458.7178713,0.2876524508232068,0.8507382038364348
2017-06-03,2436.04,2562.54,2436.04,2562.54,304803966.17644024,0.5108157983173458,1.5037274423785285
2017-06-07,2556.41,2903.44,2556.41,2716.06,717931660.7865304,0.37668406913680363,1.6391550226402622
2017-06-11,2824.2,3013.71,2817.06,3013.71,350197483.3404642,0.31448074322850794,1.8905439234229484
2017-06-15,2701.26,2736.19,2444.49,2444.49,845674827.7127961,0.1736274815757255,1.2670481419310562
2017-06-19,2513.81,2683.57,2513.81,2620.14,307738404.7993459,0.12496779844402073,1.2997603812834084
2017-06-23,2777.79,2777.79,2717.0,2737.75,187781433.42478496,0.06837356685163942,1.3010556573484173
2017-06-27,2618.42,2618.42,2488.19,2531.35,518735269.2034187,-0.06800659779239049,1.0636790530074514
2017-06-30,2575.44,2575.44,2490.75,2490.75,210111037.78145665,-0.17352698169366,1.1102328182187882
2017-07-03,2439.82,2576.71,2439.82,2576.71,304599469.9256256,0.054088991977876866,1.1022011552393693
2017-07-07,2611.0,2612.67,2509.22,2509.22,260711000.65693903,-0.04233361576098993,1.010850750096166
2017-07-11,2563.2,2563.2,2353.91,2353.91,420715282.36799073,-0.14020272121267474,0.7681156154464399
2017-07-15,2387.33,2387.33,2033.29,2033.29,463942211.44058734,-0.19675667134137909,0.5062634733200482
2017-07-19,1927.1,2303.89,1927.1,2274.62,577643323.797571,-0.08677306032319587,0.5308853023919451
2017-07-23,2766.83,2802.35,2658.07,2731.6,532874222.83885914,0.06011153758086851,0.753408478188307
2017-07-27,2751.35,2751.35,2507.39,2649.44,438390969.56700265,0.055881907525047625,0.46476630657128015
2017-07-31,2798.83,2871.37,2720.1,2871.37,438125892.5058857,0.21982998500367468,0.6928950021519575
2017-08-03,2737.76,2777.37,2697.85,2777.37,339104668.1906748,0.36594878251503715,0.4077601500329464
2017-08-07,2845.9,3356.71,2845.9,3356.71,695546889.0949574,0.4757234175378746,0.46408601212544176
2017-08-11,3410.45,3562.59,3330.9,3562.59,641330314.4333423,0.30421364767901604,0.7104400220851239
2017-08-15,3800.14,4175.7,3800.14,4149.31,1908427436.1044514,0.5661083096805364,0.7815231765332236
2017-08-19,4262.56,4286.92,4097.69,4115.21,1710080500.0248759,0.4331869456043631,0.6059105418842243
2017-08-23,4001.23,4069.08,3935.23,4069.08,801748251.0347502,0.4650838743127492,0.49815541630155447
2017-08-27,4167.29,4199.89,4116.47,4116.47,348607397.3713809,0.22634067286122428,0.3659144376864396
2017-08-31,4216.24,4702.94,4216.24,4702.94,675647444.6830037,0.3200901591258043,0.9238941456091045
2017-09-03,4863.19,4863.19,4556.6,4632.46,1007165501.0854648,0.11644104682465262,0.7680200294640744
2017-09-07,4317.19,4592.25,4317.19,4584.82,669892692.7226958,0.11411568303926156,0.674667153684595
2017-09-11,4285.21,4285.21,4132.66,4164.98,771493043.3837389,0.023567980968670854,0.6453591956860962
2017-09-15,4130.96,4130.96,3100.67,3587.94,3308099534.339308,-0.1283939880528706,0.440505871725384
2017-09-19,3606.28,4012.29,3553.43,3898.93,942656241.4373351,-0.1709590171254577,0.5131427285181491
2017-09-23,3858.02,3858.02,3622.18,3763.41,578068211.7796992,-0.18760010879748557,0.4998326173073704
2017-09-27,3672.31,4134.21,3672.31,4134.21,936452128.5755137,-0.0982830296500189,0.7563160868512391
2017-09-30,4134.88,4297.79,4130.42,4297.79,720251082.9981893,0.03188730798227124,1.1137122594415945
2017-10-03,4347.58,4383.33,4319.07,4319.07,760685985.6944162,0.20377431060720075,0.898809471472158
2017-10-07,4231.46,4405.02,4231.46,4405.02,468192424.3612093,0.1298022790868265,0.6126153170303121
2017-10-11,4562.32,4807.93,4562.32,4807.93,836737765.8088199,0.277546161592811,0.8146966906214144
2017-10-15,5331.62,5684.05,5331.62,5684.05,1665374310.9042103,0.3748817791065282,0.9795602795877927
2017-10-19,5728.93,5728.93,5592.78,5696.38,1229468606.297799,0.32542073949634576,1.050997886489737
2017-10-23,5952.77,6043.97,5952.77,5959.98,2039339670.519878,0.3799220665559946,0.7755421230907644
2017-10-27,5550.08,5883.05,5550.08,5775.52,1332315431.0582082,0.31112231045489014,0.621157640929773
2017-10-31,5734.31,6368.65,5734.31,6368.65,1800486324.20211,0.3246137110981231,0.5348696530266475
2017-11-03,6714.79,7234.74,6714.79,7234.74,2826731064.9064713,0.27281427855138496,0.7580487994537337
2017-11-07,7390.54,7416.27,7103.05,7166.74,1829995407.419026,0.25812182473781586,0.7612679033098391
2017-11-11,7461.82,7461.82,6365.4,6365.4,3148369501.39065,0.06802371820039665,0.5463248851564566
2017-11-15,5866.51,7297.67,5866.51,7297.67,2935591360.13778,0.2635520264841953,0.5517250911132188
2017-11-19,7814.94,8011.15,7783.54,8011.15,1572771188.84144,0.2579039513868717,0.7293511438846745
2017-11-23,8220.51,8257.12,8114.13,8117.66,1550586714.56084,0.12203893989279502,0.7705515156538316
2017-11-27,8278.13,9831.4,8278.13,9831.4,3629754499.83265,0.37180921869636685,1.3604915269701179
2017-11-30,10257.07,10406.19,9875.89,10406.19,7443964832.98962,0.634805353944764,1.9003244201408052
2017-12-03,10995.72,11256.7,10995.72,11256.7,5761492455.64625,0.5425060327474387,1.8871254421084762
2017-12-07,11634.98,18491.18,11634.98,18491.18,16482921408.0842,1.3081804734651081,3.913410975684287
2017-12-11,16908.0,17106.51,15266.43,17106.51,7710546749.544,1.1073203361559858,3.137794161399638
2017-12-15,17249.92,17978.63,16525.04,17978.63,6146229228.58011,0.8286947942307303,3.183226728155634
2017-12-19,19665.39,19665.39,18174.19,18174.19,6141309845.2726,0.7464787784962601,3.207894292058244
2017-12-23,17059.89,17059.89,14084.82,15241.92,5076754666.02441,0.35403093268897634,2.4601250391598675
2017-12-27,14451.11,16616.68,14302.75,16373.08,4950722889.35151,-0.11454650271102229,2.4054322754283026
2017-12-31,15067.9,15096.56,13620.36,14839.59,2921202870.14992,-0.13251797122849718,1.6107423404086876
2018-01-03,14093.61,15583.89,14093.61,15583.89,3310355625.1255913,-0.13319924821857954,1.735753232754837
2018-01-07,15976.37,18343.66,15976.37,17039.87,3044989246.796485,-0.06241378570379197,1.8590481847254523
2018-01-11,15900.37,15900.37,14050.57,14050.57,5833888113.053883,-0.07816272490604859,1.432780078676898
2018-01-15,14759.29,15193.31,14412.0,14412.0,3222958351.447812,-0.11977465449383984,1.2629599679680936
2018-01-19,11723.91,11758.47,11415.39,11758.47,4208563477.4581575,-0.2076283778729736,0.6252788628202257
2018-01-23,13260.27,13260.27,10894.0,10894.0,4779406610.509539,-0.3009447576952866,0.5200774689747361
2018-01-27,11277.12,11456.21,11044.91,11456.21,2894314081.3753986,-0.3276820773867406,0.7997627800295346
2018-01-31,11665.7,11665.7,9989.69,9989.69,3804947187.2286944,-0.28901887966110973,0.36888760385164043
2018-02-03,10114.5,10114.5,8830.16,8830.16,6813550017.173829,-0.3873050235914516,0.10223376169463805
2018-02-07,8994.91,8994.91,6852.05,7711.22,9152685412.95559,-0.34419869251696855,-0.05006861583264133
2018-02-11,7611.61,8650.72,7611.61,8574.68,3371677737.5319858,-0.21289884340003673,-0.12782716601908162
2018-02-15,8168.64,9428.03,8168.64,9428.03,3282094240.879327,-0.1770376066779501,-0.09399789932722735
2018-02-19,10112.58,11006.65,10112.58,10523.43,4740378626.743881,0.05342908538703406,-0.06514076061367902
2018-02-23,11103.09,11502.38,9973.59,10032.86,4626064156.354444,0.13620364749902625,-0.45742456673938603
2018-02-27,10301.88,10355.58,9699.52,10355.58,3646748812.403751,0.34292368782112304,-0.394640987553861
2018-02-28,10709.39,11098.08,10346.66,11098.08,3398119467.1062694,0.29428503454356303,-0.38270713619447094
2018-03-07,11356.04,11526.42,10727.72,10727.72,3618749298.786025,0.13785382524238887,-0.4097277512780487
2018-03-11,9999.68,9999.68,8890.87,8890.87,3260891795.801318,-0.15513573046050566,-0.41668306879973127
2018-03-15,9512.46,9512.46,8307.22,8307.22,4020163253.1929836,-0.17199881190408328,-0.4926293647865888
2018-03-19,8359.37,8520.01,8063.41,8217.84,4330642347.54297,-0.20643363288198247,-0.4462218969661561
2018-03-23,8640.52,8970.32,8640.52,8736.39,2931676659.5938525,-0.21280167380303627,-0.43939606863241465
2018-03-27,8824.59,8824.59,8186.2,8186.2,2972024162.97679,-0.23691147792820844,-0.5195855367441183
2018-03-31,7836.76,7930.78,6897.27,6897.27,4264255594.746104,-0.2242300247332376,-0.5091110182718566
2018-04-03,6975.28,7080.42,6836.57,7080.42,2253363912.1674647,-0.14767876618170694,-0.5087135720233139
2018-04-07,7464.36,7464.36,6628.75,6628.75,1840465005.5711513,-0.19337076409372778,-0.43625743825514707
2018-04-11,6884.48,6984.81,6778.49,6829.32,1550558592.492434,-0.21829039225584024,-0.37311180466311733
2018-04-15,6925.1,7897.72,6925.1,7897.72,2294693915.2394795,-0.03523979379932074,-0.31061668736868464
2018-04-19,8258.07,8258.07,7873.64,8097.42,2326968646.2908115,0.17400362752219345,-0.1894222943855115
2018-04-23,8277.46,8878.43,8277.46,8769.01,2503340749.6093006,0.23848726487976712,-0.006925129329479862
2018-04-27,8881.39,9716.49,8825.2,9221.87,3847600029.5564957,0.39119290967376963,0.19590285324501178
2018-04-30,8940.38,9325.63,8940.38,9325.63,2827554754.4722853,0.3655283395711433,0.08757761222576232
2018-05-03,9198.19,9198.19,9024.39,9122.65,2179558786.4918017,0.15509919318486842,-0.03239064788720458
2018-05-07,9551.14,9766.24,9551.14,9583.87,2626417557.0669236,0.18357081638349015,-0.08928267684585722
2018-05-11,9308.27,9308.27,8969.94,8969.94,2359598426.330252,0.02291364703655252,-0.10594386844827897
2018-05-15,8405.56,8696.97,8405.56,8696.97,3143239503.891285,-0.05691904136579684,-0.16016582364290566
2018-05-19,8473.35,8473.35,8056.05,8202.83,2127912775.3863177,-0.12039937248207355,-0.26087845825584244
2018-05-23,8180.63,8443.26,8009.3,8009.3,1895031387.309464,-0.12204238899881059,-0.2534014683455571
2018-05-27,7556.32,7563.44,7328.87,7328.87,1289488237.4471545,-0.23529117152048185,-0.17568584401751464
2018-05-31,7326.64,7451.23,7111.07,7380.85,1772428207.794572,-0.17715726080664973,-0.11151383976829787
2018-06-03,7460.17,7567.51,7460.17,7567.51,1531230053.8451543,-0.12986821847149055,-0.07913636673383762
2018-06-07,7639.88,7639.88,7463.65,7605.58,1562705992.3836496,-0.07281023744244364,-0.12943675820333111
2018-06-11,7613.78,7613.78,6767.5,6767.5,2788497500.7839518,-0.1550447604659584,-0.17330385282548677
2018-06-15,6880.13,6880.13,6334.1,6644.72,2354179149.4928327,-0.0933499980215231,-0.03661593645021877
2018-06-19,6406.81,6677.53,6406.81,6677.53,1750367371.2555826,-0.09528983789129986,-0.05690199168975851
2018-06-23,6708.68,6714.38,6088.58,6088.58,2932411240.2020984,-0.19543152238979533,-0.08148896850839149
2018-06-27,6169.44,6241.85,6069.87,6069.87,3248018159.5091834,-0.20191885431485834,-0.11120433659573714
2018-06-30,6117.04,6182.26,5879.99,6182.26,2341618860.2006936,-0.08647801994828219,-0.2172095237612881
2018-07-03,6366.5,6595.55,6312.88,6595.55,3392521918.1209335,-0.007399860340240094,-0.1854751266452771
2018-07-07,6497.61,6603.29,6497.61,6603.29,4742128037.640009,-0.011117883408985008,-0.2469742878614576
2018-07-11,6759.84,6759.84,6303.38,6303.38,4358427107.61466,0.03527916197208558,-0.3164748581361482
2018-07-15,6373.23,6373.23,6230.59,6246.14,3709146622.835988,0.029040160662419545,-0.3302179048493238
2018-07-19,6349.7,7334.77,6349.7,7334.77,4843025304.5135565,0.18642211747807447,-0.19598252700695518
2018-07-23,7442.8,7442.8,7331.87,7395.87,5717881945.865358,0.12134242026821118,-0.2283002586637758
2018-07-27,7705.0,8422.37,7705.0,7929.08,3429994449.907072,0.20077718834096325,-0.11603868030332432
2018-07-31,8145.33,8197.59,8145.33,8185.92,3497813384.6209693,0.2986556418937141,-0.05876184464244438
2018-08-03,7738.25,7738.25,7540.63,7540.63,6834800615.470859,0.20724639537378287,-0.08072823647448502
2018-08-07,7411.67,7411.67,6926.12,6926.12,6927841831.688437,-0.05571408510423648,-0.13524028317081394
2018-08-11,6711.73,6711.73,6166.59,6166.59,6731245061.318041,-0.16621168300686728,-0.15858925045743744
2018-08-15,6205.22,6318.41,6205.22,6212.23,7179484727.419351,-0.2165257507806707,-0.15833135749947513
2018-08-19,6267.77,6566.72,6267.77,6382.06,5616965845.869809,-0.22036130331105108,-0.15664994165848478
2018-08-23,6475.49,6475.49,6242.88,6336.66,6759411527.692144,-0.15966437817529833,-0.16684066172468115
2018-08-27,6521.07,6736.04,6521.07,6728.29,5215045899.16829,-0.02856288946769614,-0.005793867750277015
2018-08-31,6911.1,7075.98,6911.1,7024.15,6587864491.268964,0.13906551270637402,0.05710248136866558
2018-09-03,7027.63,7305.27,7027.63,7305.27,6640164154.549976,0.1759496992223406,0.0940078142666525
2018-09-07,7260.9,7359.46,6498.28,6498.28,6558109770.577363,0.01821042108660831,0.06728990996258566
2018-09-11,6397.82,6397.82,6181.19,6308.14,4504626593.565221,-0.004500793793575708,0.03925454746147783
2018-09-15,6278.92,6500.01,6278.92,6500.01,5350596522.1363,-0.03392838299181511,0.05139706191586901
2018-09-19,6530.22,6530.22,6250.12,6347.07,4472798160.224327,-0.09639315789099034,-0.037673886180834115
2018-09-23,6383.75,6753.83,6383.75,6747.03,5159534298.571353,-0.0764160667572863,0.021767936892064466
2018-09-27,6711.03,6711.03,6441.31,6462.8,3788299697.410916,-0.005459906313670659,0.02529119297900495
2018-09-30,6704.7,6704.7,6606.07,6606.07,2294291064.4914503,0.04722945273884216,0.05762438882253673
2018-10-03,6626.04,6626.04,6524.61,6524.61,2035903501.1612606,0.0037846095621389964,-0.11045472455169025
2018-10-07,6499.26,6621.19,6499.26,6589.12,1464404365.51708,0.03813570671191591,-0.10908114934416102
2018-10-11,6584.83,6653.09,6582.46,6582.46,2070407901.7011054,-0.0243914729888558,-0.16983307016703075
2018-10-15,6234.37,6328.55,6234.37,6328.55,1847113723.7353718,-0.020772730086030866,-0.22689813728939445
2018-10-19,6659.88,6659.88,6517.51,6517.51,2625598930.5728407,-0.013405852496264692,-0.1356809709533553
2018-10-23,6483.83,6532.68,6483.83,6512.59,2655159954.716826,-0.0018422557057049538,-0.05970586706554315
2018-10-27,6472.8,6481.44,6458.19,6468.83,2698016930.8820057,-0.01825585207129332,0.049012501236501915
2018-10-31,6457.06,6481.32,6292.65,6331.78,1962209613.9889975,-0.03808302671037889,0.019244297136455035
2018-11-03,6366.72,6425.44,6366.72,6425.44,2675454291.399585,0.015309984119584952,0.0067971783405356145
2018-11-07,6388.19,6474.85,6351.06,6474.85,3408876943.8566713,-0.006545444502578435,0.021808018735422152
2018-11-11,6574.8,6574.8,6413.78,6429.9,1672332107.6089764,-0.012696945454880537,-0.044348564048220296
2018-11-15,6434.28,6434.28,5788.61,5788.61,5690409836.804629,-0.10515348215983422,-0.17589886320764792
2018-11-19,5686.54,5686.54,5599.19,5638.86,2422604400.7507744,-0.1094352614904498,-0.22811066531421842
2018-11-23,4889.2,4889.2,4307.39,4307.39,3055231902.513544,-0.3296350133220448,-0.33714921486916527
2018-11-27,4376.9,4376.9,3811.92,3811.92,4652103083.720623,-0.41127284801964525,-0.39571410907177074
2018-11-30,3832.92,4279.48,3832.92,4279.48,4313265392.487118,-0.3344406600413693,-0.3416194744315779
2018-12-03,4009.69,4189.57,4009.69,4124.59,3242289555.8219714,-0.2874645208435185,-0.35015841955421945
2018-12-07,3878.84,3943.69,3466.76,3466.76,3672494312.3177876,-0.3852019734485338,-0.48617984505775125
2018-12-11,3408.52,3550.55,3408.52,3433.81,2614506143.32925,-0.20280959003015753,-0.46868075756637995
2018-12-15,3378.81,3438.1,3216.63,3216.63,2663819604.586118,-0.15616539696530884,-0.5130796373638185
2018-12-19,3221.98,3655.78,3217.05,3655.78,3898845061.80057,-0.1457420060381166,-0.43969371349398656
2018-12-23,3687.75,4065.1,3687.75,3960.57,3568245607.7466927,-0.039766376779267754,-0.3989227696566461
2018-12-27,3941.62,4021.99,3759.18,3781.61,3568561115.8269877,0.09081967023964732,-0.4255020159636367
2018-12-31,3587.7,3854.42,3587.7,3809.73,3109685385.4562902,0.10947606303202573,-0.398009022603914
2019-01-03,3692.53,3872.17,3692.53,3872.17,3263469039.3230205,0.2037971417290767,-0.4058820009482149
2019-01-07,3776.53,4013.52,3776.53,4013.52,3435733235.508936,0.09785599789921706,-0.38372905403226676
2019-01-11,3989.67,3989.67,3623.85,3623.85,4144535969.992497,-0.0850180655814694,-0.43979823244698035
2019-01-15,3632.85,3648.05,3495.83,3648.05,3101461657.547051,-0.03531829035781053,-0.42385079709023366
2019-01-19,3567.8,3620.98,3567.8,3597.79,2649449860.3668847,-0.05563123895919131,-0.44007103015513327
2019-01-23,3674.59,3674.59,3531.0,3571.27,2718371971.9030104,-0.07770836507694656,-0.44843973219456823
2019-01-27,3555.7,3565.64,3555.7,3563.61,2548165746.089901,-0.11209860670932248,-0.44577520645733215
2019-01-31,3553.12,3553.12,3413.38,3457.88,4973814467.106895,-0.0457993570374049,-0.40264070303578925
2019-02-03,3431.94,3486.58,3431.94,3486.58,3310421843.82123,-0.04426200298789773,-0.38168707859390016
2019-02-07,3454.03,3469.89,3405.84,3405.84,4211212356.0140643,-0.05335219676523639,-0.2093030814483945
2019-02-11,3394.01,3675.69,3394.01,3675.69,5081021129.885805,0.029238898207080366,-0.035737895863501845
2019-02-15,3631.44,3633.97,3589.66,3589.66,11971659893.345224,0.007310003058696113,-0.16119248132950725
2019-02-19,3601.23,3886.52,3601.23,3886.52,9588927258.746943,0.12396034564530867,-0.05771967637995534
2019-02-23,3915.01,3976.81,3915.01,3973.64,5999302845.797907,0.13969563296984444,0.14621144815331877
2019-02-27,4115.34,4115.34,3742.87,3809.21,2992667601.164757,0.11843480609776136,0.1093246277458566
2019-02-28,3813.38,3819.65,3813.38,3819.65,7731184275.9768505,0.039165435605287735,0.18746949447092143
2019-03-07,3806.95,3860.51,3712.81,3860.51,8477459044.147217,0.07545282840157563,0.0560017287692367
2019-03-11,3871.64,3941.6,3861.88,3923.56,8576340543.966685,0.009530376789518735,-0.00934461453780644
2019-03-15,3860.36,3876.7,3860.36,3876.7,8610482287.345255,-0.024395768111857175,0.02514537458912991
2019-03-19,3925.46,4007.71,3925.46,3986.71,7639543944.601985,0.04659758847635076,0.04645473563743363
2019-03-23,4013.58,4045.57,3983.32,3989.16,9404569962.845264,0.04437841163457379,0.0302130330021666
2019-03-27,4008.95,4008.95,3927.58,3938.66,19375985748.468594,0.02024343933832573,-0.018651956387410573
2019-03-31,4036.16,4103.86,4028.39,4103.86,13007834059.593706,0.04595316498282176,0.13245857306455844
2019-04-03,4103.52,4862.23,4103.52,4862.23,24241877355.466156,0.2542187943353882,0.33282986801167724
2019-04-07,4955.83,5041.87,4899.02,5041.87,19652913084.11381,0.264669363961763,0.40137973589342346
2019-04-11,5176.98,5308.91,5172.18,5308.91,19407452726.86936,0.33083406030342233,0.48656080329966644
2019-04-15,5047.79,5149.31,5047.79,5149.31,12373544680.894629,0.30737611268807163,0.4449701286055434
2019-04-19,5039.88,5274.77,5039.88,5274.77,15343841014.064018,0.28531918730171135,0.5254346593866763
2019-04-23,5280.35,5380.94,5280.35,5380.94,17199396916.729523,0.10668150210911453,0.5433289928812761
2019-04-27,5557.93,5557.93,5203.09,5295.85,19632024917.711243,0.050374166727821246,0.554932116599723
2019-04-30,5256.98,5257.8,5199.76,5199.76,15442022886.730194,-0.02055977592387126,0.41463507531919186
2019-05-03,5292.8,5450.71,5292.8,5450.71,16512618030.609243,0.05853211401139169,0.5184474295615742
2019-05-07,5731.49,5803.94,5715.76,5715.76,16811224132.040009,0.08360364527742448,0.47066270082232964
2019-05-11,5841.05,6370.23,5841.05,6370.23,20801839693.04227,0.18385077700178787,0.6031220744707622
2019-05-15,7258.26,7990.06,6953.75,7990.06,35426123184.643654,0.5087398623450436,1.0975635367963439
2019-05-19,8192.22,8192.22,7300.66,7300.66,22478772524.431953,0.40403787867132324,0.9113426622858114
2019-05-23,8168.73,8168.73,7665.8,7665.8,24589881451.39529,0.40638559013412934,0.9856961903997139
2019-05-27,7861.81,8631.08,7861.81,8631.08,29224396883.37161,0.5100494072529287,1.1998083373263055
2019-05-31,8816.03,8816.03,8310.89,8310.89,33295240431.3568,0.30464520119367755,1.1438052983207365
2019-06-03,8575.65,8743.71,8554.26,8743.71,25133975363.261288,0.09432344688275163,1.1932144550268262
2019-06-07,8173.63,8173.63,7683.64,7821.12,24560046377.825275,0.07128944506387103,0.9605932075925758
2019-06-11,8036.11,8036.11,7668.03,8002.73,21741587787.865116,0.04395235983198087,1.0318407783357793
2019-06-15,7897.98,8671.51,7897.98,8671.51,23291543613.425556,0.004684234186220104,1.113013114482463
2019-06-19,8818.61,9312.87,8818.61,9094.02,25029522786.9119,0.09422937856234426,0.8703393298959534
2019-06-23,9285.93,10704.92,9285.93,10704.92,40190146696.56423,0.22429952502999306,1.1232042872981651
2019-06-27,10846.13,12996.12,10846.13,12996.12,56948964491.46552,0.6616699398551615,1.4479827309183997
2019-06-30,11178.68,12352.2,11178.68,11972.56,37724824506.92749,0.4960594697059628,1.3250804476716294
2019-07-03,10888.1,10888.1,10639.05,10822.76,39264695559.40571,0.2480825138874314,1.0517975191335354
2019-07-07,11975.64,11975.64,10987.25,11279.48,28013279880.59072,0.24031836305616205,1.096191371767758
2019-07-11,11436.43,12544.17,11436.43,12166.4,42163626088.16242,0.13652414030184246,1.2973460351029575
2019-07-15,11385.06,11804.56,10285.46,10285.46,29857566850.991676,-0.20857455917612344,0.9780643722017937
2019-07-19,10911.35,10911.35,9538.83,10636.16,34034952895.23173,-0.11162190876470857,0.9513347802396384
2019-07-23,10536.57,10774.28,10343.32,10343.32,21903683695.255173,-0.044299236054389124,0.8096141195571542
2019-07-27,9936.38,9936.38,9799.31,9846.0,19942172080.922203,-0.12708741892356734,0.5456270809688191
2019-07-31,9447.68,9568.44,9447.68,9568.44,20138691741.084114,-0.21353563913729612,0.19754294711178644
2019-08-03,10063.0,10529.17,10063.0,10529.17,24128945574.578556,0.023694613561279887,0.44222166215109326
2019-08-07,10791.2,11818.53,10791.2,11510.16,31588470767.84309,0.08217251338829046,0.5014949516032245
2019-08-11,11970.66,12024.33,11327.84,11327.84,24949094386.512787,0.09518413816840243,0.31244757318898686
2019-08-15,11550.0,11550.0,10016.22,10016.22,26620934497.854107,0.01728823887873232,0.2051922236968604
2019-08-19,10295.88,10324.99,10224.22,10309.87,19708814223.24016,0.07748703027870785,0.17911847488080013
2019-08-23,10895.97,10895.97,10124.06,10127.79,20144228964.473103,-0.03812076355496197,0.2949283478581075
2019-08-27,10385.51,10385.51,10090.06,10334.91,23392461462.60586,-0.10210544423361623,0.2914230518835448
2019-08-31,10167.89,10167.89,9485.14,9588.99,16388578393.607964,-0.1535023446658852,0.10580394879323207
2019-09-03,9607.29,10323.02,9607.29,10323.02,20258697359.12371,0.03063031762481261,0.13514375380744714
2019-09-07,10620.17,10620.17,10350.75,10350.75,23555216964.15641,0.003965132441049235,-0.03308478718196872
2019-09-11,10461.55,10461.55,10121.1,10121.1,17425806760.661724,-0.0006605587201157226,-0.2212214106979622
2019-09-15,10150.71,10401.32,10150.71,10349.55,16529697331.07751,0.0014165580542064848,-0.13556081573197376
2019-09-19,10305.68,10305.68,10158.85,10158.85,18848349197.54596,0.059428573812257746,-0.06134387161869981
2019-09-23,10253.23,10253.23,9997.2,10041.3,16268084726.893106,-0.027290463449649582,-0.1097727909442634
2019-09-27,9699.5,9699.5,8098.81,8098.81,22627889543.82238,-0.2175629785281259,-0.33432979352972114
2019-09-30,8183.48,8225.11,8064.38,8064.38,16673592219.88411,-0.20321111341652587,-0.21594367194077846
2019-10-03,8271.29,8366.5,8271.29,8350.13,17676173879.14879,-0.1931890758535395,-0.21493001233527897
2019-10-07,8176.35,8176.35,7890.23,7890.23,16860212059.076086,-0.22331464683502567,-0.2371665964119838
2019-10-11,8182.25,8573.06,8180.69,8561.52,21307956536.769913,-0.14736936452451366,-0.1304570383912248
2019-10-15,8277.85,8347.35,8277.85,8347.35,17384052860.807076,0.030688459168692672,-0.1276164139608964
2019-10-19,8175.86,8175.86,7957.31,7957.31,18867966948.333694,-0.013276904114141397,-0.24426046877389196
2019-10-23,7949.8,8220.92,7949.8,8045.29,19789278104.487,-0.036507216055318814,-0.30102709258602833
2019-10-27,7468.53,9217.24,7433.92,9217.24,49973845766.74797,0.16818394394079772,-0.18631972202997216
2019-10-31,9502.02,9502.02,9171.87,9171.87,30846909824.024616,0.07128991113727468,-0.08429826820896491
2019-11-03,9151.82,9302.83,9151.82,9302.83,24723381192.255867,0.1144650697526759,-0.09767727430122797
2019-11-07,9204.29,9378.95,9204.29,9340.05,28787468129.58143,0.1737697789830983,-0.07778004875693523
2019-11-11,9221.07,9221.07,8795.9,9043.67,24973742612.68736,0.12409496736599923,-0.12493964630557985
2019-11-15,8729.92,8806.75,8652.03,8652.03,24149531741.878155,-0.061320959419522425,-0.09771206352285267
2019-11-19,8480.44,8508.5,8202.83,8202.83,25563738775.736923,-0.10565348178724743,-0.20538466456521454
2019-11-23,8138.83,8138.83,7293.01,7293.01,39111609334.13761,-0.21604393501762365,-0.2954124097287636
2019-11-27,7309.69,7309.69,6935.74,7157.68,25650766567.61929,-0.23365720740252982,-0.2927962375631107
2019-11-30,7483.75,7720.87,7438.62,7720.87,23595242633.932213,-0.14626805268215226,-0.25398978699556984
2019-12-03,7556.4,7556.4,7308.98,7308.98,19403364522.996704,-0.15522946637956658,-0.2805307687385876
2019-12-07,7286.08,7530.92,7209.97,7530.92,20930338571.63358,-0.08191197428204655,-0.25000547737842704
2019-12-11,7493.55,7508.32,7233.95,7233.95,19546221321.506252,-0.00809816522944573,-0.10678852819117879
2019-12-15,7197.43,7247.35,7081.74,7081.74,19497758114.150417,-0.010609582993372224,-0.12184941681815598
2019-12-19,7108.56,7274.77,6627.16,7274.77,57308255783.65001,-0.05777846278981502,-0.12878362372801366
2019-12-23,7152.56,7488.2,7141.55,7488.2,24325792143.84145,0.024520521331293788,-0.05095288730493275
2019-12-27,7335.21,7335.21,7204.18,7208.49,24771695136.045387,-0.04281415816394285,-0.15803618983544987
2019-12-31,7247.62,7394.03,7240.43,7240.43,22320671263.717125,0.0008957761665480124,-0.13260735442984894
2020-01-03,7195.15,7195.15,6963.85,6963.85,20313194628.09452,-0.01664703872212192,-0.12484872400346347
2020-01-07,7300.35,7734.68,7300.35,7734.68,28148518761.51164,0.06321986811954194,-0.03860768225881228
2020-01-11,8147.42,8180.51,7832.8,8180.51,35777298156.26295,0.09245346011057398,-0.11247727085331394
2020-01-15,8012.09,8801.87,8012.09,8801.87,55384169405.51928,0.2210421322634839,-0.04034073749409883
2020-01-19,8820.85,8906.9,8720.92,8906.9,36801813631.51236,0.2301617445372719,-0.04256016717493494
2020-01-23,8690.38,8724.82,8631.25,8665.44,25628542094.50134,0.24434615909303048,-0.07222766473412867
2020-01-27,8415.96,8595.73,8348.67,8595.73,30241155463.270596,0.11132328680695247,-0.04953077677535789
2020-01-31,8879.34,9509.81,8879.34,9509.81,51037775414.9802,0.16249598130189913,0.09914205105622598
2020-02-03,9308.06,9363.22,9308.06,9338.42,55025402183.682236,0.060958637198686105,0.13843880709462475
2020-02-07,9308.91,9744.64,9179.96,9744.64,71141695218.03949,0.09405517071034808,0.3361616122835427
2020-02-11,9799.45,10148.38,9799.45,9890.12,81406687324.35088,0.1413292342916228,0.3817493936582803
2020-02-15,10226.93,10328.9,10221.26,10320.16,50206573483.049774,0.20061472382217693,0.3366576564558139
2020-02-19,9894.14,10133.82,9723.61,10133.82,54648014949.72496,0.06561750445066727,0.3864889492104233
2020-02-23,9618.41,9673.01,9608.17,9658.61,32555342237.084362,0.034287384803853405,0.2825272343883616
2020-02-27,9946.72,9946.72,8801.66,8801.66,45140119229.636024,-0.09676909562590297,0.2167156256263867
2020-02-29,8781.18,8781.18,8717.33,8717.33,41297721067.30182,-0.11858197878286625,0.23095877566812684
2020-03-03,8552.99,8905.88,8552.99,8905.88,59776629742.57125,-0.1370405109998295,0.2242146487105432
2020-03-07,8756.72,9135.85,8756.72,9135.85,41388087588.44269,-0.0984791519880952,0.22003285168665365
2020-03-11,8902.2,8902.2,7906.73,7906.73,40882213633.94649,-0.18138013647926576,0.09686355949720404
2020-03-15,7935.52,7935.52,5142.99,5214.19,36054625746.82817,-0.40759015912907337,-0.27985078234303773
2020-03-19,5397.93,5397.93,5032.5,5376.28,37618067230.41405,-0.38326528879829036,-0.22797303215893516
2020-03-23,6170.2,6195.6,5859.65,5859.65,37255748385.30394,-0.3420470520599873,-0.2424185615953085
2020-03-27,6456.35,6765.56,6456.35,6765.56,34840544710.10888,-0.25944931232452373,-0.17296598867307778
2020-03-31,6397.83,6403.14,5915.34,6403.14,34907149977.57921,-0.19016584605772546,-0.27252504297382263
2020-04-03,6421.71,6807.9,6421.71,6807.9,47638672293.73783,0.30564862423502026,-0.23565999393728454
2020-04-07,6732.85,7297.64,6732.85,7297.64,45370138560.82485,0.35737721993646177,-0.15784541812071862
2020-04-11,7196.78,7342.29,6864.69,6864.69,37828011010.9016,0.17151877671874605,-0.20138371028405966
2020-04-15,6878.78,6913.16,6857.54,6860.18,33837365577.44977,0.013985538521571028,-0.27862070851047493
2020-04-19,6629.43,7242.51,6629.43,7242.51,30035235468.3311,0.1310872478190388,-0.22443946620520383
2020-04-23,7127.51,7127.51,6842.04,7110.0,30819547915.3444,0.04437491737540222,-0.2703681203205044
2020-04-27,7382.79,7683.87,7382.79,7683.87,33760863612.125053,0.05292532928453575,-0.2230761608554801
2020-04-30,7774.28,8744.43,7758.23,8744.43,60399592065.54053,0.2738273687522672,-0.15268464830002637
2020-05-03,8610.64,8966.31,8610.64,8966.31,39177855720.33245,0.30700797938246516,-0.11520926955481747
2020-05-07,8888.67,9144.69,8884.41,9144.69,48538811466.802704,0.26264099048534284,-0.053208484450661175
2020-05-11,9959.17,9959.17,8752.62,8752.62,61704475184.53314,0.23102953586497899,-0.005571676251979629
2020-05-15,8604.75,9796.49,8604.75,9796.49,52076585310.72393,0.2749421840817192,0.12379478578876779
2020-05-19,9309.3,9708.44,9309.3,9708.44,38922896809.95441,0.11024274881267271,0.09011574375581088
2020-05-23,9760.2,9760.2,9059.96,9131.77,27700943119.83718,0.018453522128947242,-0.0004465922711077708
2020-05-27,9170.36,9170.36,8731.85,8839.13,26860828302.61543,-0.033413926551911666,0.11792485641978412
2020-05-31,9174.12,9662.71,9174.12,9662.71,30231487421.644287,0.10397915138552771,0.8531564825984477
2020-06-03,9466.96,10167.93,9466.96,9515.24,36841150778.6441,-0.028709262194928975,0.7698557366803813
2020-06-07,9645.23,9776.2,9636.97,9662.86,19374357195.06036,-0.00469488403904228,0.6490507112199535
2020-06-11,9738.6,9874.9,9738.6,9874.9,24398738299.650776,0.08137852793051059,0.4595835378002706
2020-06-15,9326.0,9469.53,9326.0,9345.96,18836155988.901707,0.05733935353366215,0.45959013858825504
2020-06-19,9431.72,9524.93,9399.77,9399.77,20601074385.503212,-0.02721182773776698,0.38071505163119324
2020-06-23,9312.78,9678.68,9298.36,9678.68,24768621256.838917,0.017176655554668185,0.3262753438097796
2020-06-27,9624.68,9624.68,9166.49,9166.49,22429204010.635517,-0.05136884938827646,0.33531011597027693
2020-06-30,9013.91,9185.17,9013.91,9185.17,19754459582.74716,-0.06984678325856464,0.33891093236620606
2020-07-03,9149.72,9230.67,9094.32,9094.32,19379463385.296654,-0.026925002888948724,0.2556862192803322
2020-07-07,9071.39,9342.38,9071.39,9342.38,21987059041.689262,-0.006105468538060155,0.31397749648382556
2020-07-11,9253.63,9432.17,9235.72,9282.91,18224423467.7428,-0.04089090661123218,0.20810346869481133
2020-07-15,9234.31,9297.48,9234.31,9247.06,19147263017.229504,0.008789623945479663,0.057480018709052505
2020-07-19,9203.37,9203.37,9136.48,9168.4,15638459042.903372,-0.0018257691474409254,0.022538814740958202
2020-07-23,9202.62,9514.3,9163.16,9514.3,19702428931.328556,0.046180473086497864,0.04041799120582534
2020-07-27,9589.82,9925.75,9535.94,9925.75,19713211084.56171,0.062443403072878656,0.1340318670295293
2020-07-31,10962.26,11116.31,10904.92,11116.31,22265381996.186665,0.19750272274534608,0.13472376330706193
2020-08-03,11325.55,11812.09,11066.31,11066.31,27584591853.069736,0.19673820652185658,0.13986490105516425
2020-08-07,11230.91,11768.13,11181.92,11768.13,21793317050.968628,0.28355329174119803,0.28870197124982333
2020-08-11,11571.49,11862.94,11571.49,11862.94,24145919191.344177,0.24685368340287783,0.34209362233613505
2020-08-15,11398.67,11817.16,11398.67,11777.39,21650925951.996807,0.18654912726997952,0.21884957739598931
2020-08-19,11864.91,12272.47,11864.91,11949.61,24825715158.705486,0.07496192531514523,0.255839053980772
2020-08-23,11733.28,11861.84,11515.12,11676.39,19572783953.57896,0.05512948760698011,0.2083782648201462
2020-08-27,11647.93,11758.83,11350.75,11465.0,20869928785.800804,-0.0257585529731571,0.16102441543711832
2020-08-31,11300.4,11701.0,11300.4,11701.0,19909556666.601448,-0.013650916214698938,0.2519848148290813
2020-09-03,11672.32,11895.23,11418.25,11418.25,26038738388.798878,-0.03049402286924352,0.2147371691009461
2020-09-07,10197.46,10484.47,10177.79,10260.02,28801019507.333485,-0.14139289901511432,0.06006397566610322
2020-09-11,10359.45,10359.45,10125.01,10342.16,77545788530.61436,-0.11426733776449738,0.12825738096043304
2020-09-15,10378.22,10661.1,10328.87,10661.1,23526143436.490395,-0.0701177496729175,0.16068619306991594
2020-09-19,10787.58,10952.25,10787.58,10927.15,20681771888.399273,-0.06613537304503891,0.20153568381143394
2020-09-23,11084.0,11084.0,10439.52,10527.59,19866578108.977962,-0.07800319663696276,0.12686381842742445
2020-09-27,10223.78,10743.19,10223.78,10743.19,16886146730.050009,0.04709250079434546,0.15730843022285046
2020-09-30,10765.3,10837.52,10672.03,10837.52,18308943800.639038,0.047897151078691635,0.17199628855009053
2020-10-03,10770.88,10770.88,10572.67,10572.67,21258724984.475838,-0.00829464126591073,0.153164128964705
2020-10-07,10546.66,10784.95,10546.66,10605.96,19419734685.095844,-0.02939375775019104,0.11473886675845835
2020-10-11,10668.01,11286.54,10668.01,11286.54,19496631246.27072,0.07209152332110214,0.13709694481525325
2020-10-15,11377.81,11543.18,11377.81,11435.57,20441486195.023685,0.06444826908953472,0.028719961929813076
2020-10-19,11495.58,11495.9,11319.1,11495.9,15569792414.423223,0.06075006089954149,0.038819624608383396
2020-10-23,11752.15,12951.04,11752.15,12951.04,25070864646.764915,0.22495452898842028,0.10051809420868074
2020-10-27,12928.07,13106.05,12928.07,13060.79,21507619985.694366,0.23145759554062084,0.10097412614410928
2020-10-31,13655.19,13655.19,13283.0,13537.17,23482756915.113663,0.19940832177088796,0.1494202026085576
2020-11-03,13778.64,13778.64,13558.36,13558.36,22630851230.49477,0.18563044955345487,0.134627824673776
2020-11-07,13989.98,15553.33,13989.98,15548.31,34523587704.57108,0.35250915543802575,0.33160249015320664
2020-11-11,14818.46,15496.32,14818.46,15278.71,21918753732.66584,0.17972842335441763,0.33263933711295235
2020-11-15,15686.91,16326.81,15686.91,16095.56,22096608221.167004,0.23235730763606166,0.37557131869071014
2020-11-19,15984.67,17829.93,15984.67,17829.93,40089857655.31074,0.3171091151252441,0.5615291309964312
2020-11-23,17819.76,18689.53,17819.76,18390.61,33010231293.95878,0.35640372434424217,0.7924536209481072
2020-11-27,18360.69,19091.52,17138.03,17138.03,48738957776.520256,0.10224390946668804,0.65710354510083
2020-11-30,17140.28,18169.95,17140.28,18169.95,23940328528.71234,0.18923325333094243,0.7043222556771815
2020-12-03,19609.52,19609.52,18857.42,19208.4,28923102074.82652,0.19339743382647145,0.7578600092430325
2020-12-07,19435.2,19435.2,18711.23,19325.55,21832193872.698597,0.08388255029604719,0.8357050379051616
2020-12-11,19198.81,19198.81,18262.06,18262.06,24092658533.60422,-0.00698998021272812,0.6998731289309787
2020-12-15,18058.03,19259.97,18058.03,19259.97,21638023119.81534,0.12381469748856788,0.7771565819486377
2020-12-19,19432.36,23121.0,19432.36,23121.0,37000188847.409645,0.27248561498518153,1.1868648127672574
2020-12-23,23864.0,23864.0,22841.0,23795.0,38733771616.273865,0.23878095000104116,1.243549853101464
2020-12-27,23308.0,26476.0,23308.0,26476.0,41995154622.74047,0.3699998188926059,1.3458030539031447
2020-12-31,26423.0,28837.0,26423.0,28837.0,43341140482.282166,0.5790661075475603,1.5216932780788364
2021-01-03,29022.0,32164.0,29022.0,32164.0,57273436641.22308,0.669992217017991,1.7978670656494926
2021-01-07,33008.0,36934.0,31516.0,36934.0,71027195897.95125,0.5974222568228018,1.8518173057916583
2021-01-11,39547.0,40816.0,38398.0,38398.0,73381123612.69325,0.613700357217903,1.939944674097049
2021-01-15,35670.0,39233.0,33938.0,39233.0,57519444621.68669,0.4818326031122526,1.8981685241450021
2021-01-19,36788.0,36788.0,35804.0,36595.0,46769030146.76761,0.2690293719873773,1.6990727492115565
2021-01-23,36105.0,36105.0,30914.0,32958.0,69549742252.37038,0.02468598433030711,1.1197159048153789
2021-01-27,32068.0,32582.0,32068.0,32582.0,48489676580.41073,-0.11783180809010663,1.1325098781245275
2021-01-31,30446.0,34200.0,30446.0,34200.0,52001249491.10806,-0.10932861086514922,1.124809574814421
2021-02-03,33065.0,35486.0,33065.0,35486.0,50730704376.60918,-0.09550633395355945,0.990248980225946
2021-02-07,37495.0,39279.0,36817.0,39279.0,57076868562.48764,0.07334335291706506,1.1358182246265893
2021-02-11,38833.0,46570.0,38833.0,44849.0,70000356395.81508,0.3607925238181928,1.616928550130908
2021-02-15,47816.0,48608.0,46941.0,48608.0,57738376570.131905,0.4918666748511449,1.6751862278102032
2021-02-19,47898.0,52144.0,47898.0,51733.0,58486508605.55778,0.5126608187134503,1.6932487869890256
2021-02-23,56039.0,57669.0,54411.0,54411.0,101532021847.06647,0.5333089105562756,1.815495548638978
2021-02-27,48692.0,49849.0,46551.0,46551.0,74357197463.7094,0.18513709615825258,1.5490552544455554
2021-02-28,46654.0,49787.0,44970.0,48532.0,50989764248.82767,0.08212000267564501,1.5198377775250949
2021-03-07,50577.0,50577.0,48727.0,49019.0,41478786533.38212,0.008455398288347515,1.120107261796635
2021-03-11,51313.0,56020.0,51313.0,56020.0,63560545036.79726,0.08286780198326027,1.35427610842614
2021-03-15,57789.0,61315.0,57354.0,59429.0,48104078384.27405,0.0922239988237672,1.244636652062245
2021-03-19,55805.0,59015.0,55805.0,57922.0,58387006275.72827,0.24426972567721417,1.008600062419808
2021-03-23,58243.0,58376.0,54370.0,54370.0,62001716794.84347,0.12029176625731486,0.6903992040790947
2021-03-27,54585.0,55033.0,51417.0,55033.0,55442557956.15464,0.12268712132030446,0.4900362809335572
2021-03-31,55832.0,58669.0,55728.0,58669.0,52387542500.621956,0.04728668332738306,0.5279181207354551
2021-04-03,58817.0,59060.0,58801.0,59060.0,52224918752.08043,-0.00620908983829449,0.5053653811842072
2021-04-07,57060.0,58707.0,57060.0,58062.0,61497704158.13829,0.002417043610372538,0.5866101926492691
2021-04-11,56134.0,59979.0,56134.0,59979.0,61788197398.73793,0.10316350928821039,0.8198616420899327
2021-04-15,59988.0,63577.0,59911.0,62807.0,80157135507.58896,0.1412606981265785,0.9276594438647106
2021-04-19,63180.0,63180.0,56289.0,56289.0,102065957642.22952,-0.0405665683751214,0.645877192982456
2021-04-23,55721.0,56295.0,51966.0,51966.0,77897442831.71704,-0.1201151371486624,0.46440849912641613
2021-04-27,51191.0,53979.0,48981.0,53979.0,60226926859.91649,-0.07032138059315907,0.3742457801878867
2021-04-30,54992.0,54992.0,53597.0,53597.0,46958036373.360306,-0.10640390803447874,0.1950545162656916
2021-05-03,57829.0,57829.0,56601.0,56601.0,39072664393.929405,-0.09881064212587765,0.16443795260039495
2021-05-07,57200.0,57432.0,53464.0,56508.0,87510802710.77629,0.003890635825827493,0.09230085245394615
2021-05-11,57362.0,58772.0,55902.0,55902.0,76672978747.69038,0.07574183119732125,0.0274025472790429
2021-05-15,56929.0,56929.0,49913.0,49913.0,56820196964.51265,-0.07532558958113345,0.07222186419196142
2021-05-19,46781.0,46781.0,43091.0,43091.0,65037066859.11668,-0.19601843386756723,-0.11211159647243052
2021-05-23,37287.0,40438.0,37287.0,37520.0,61178935273.653305,-0.3371141852617445,-0.23458250882310938
2021-05-27,34978.0,39407.0,34978.0,39407.0,47026386118.47242,-0.30262971614638634,-0.29655480185647987
2021-05-31,38643.0,38643.0,34775.0,35715.0,30650274657.695255,-0.36111409251905124,-0.39903077622036376
2021-06-03,37341.0,37686.0,36680.0,37686.0,31240691604.199257,-0.24496624125979205,-0.34936638928213803
2021-06-07,39151.0,39151.0,35547.0,35834.0,27689283070.836933,-0.1684110371075167,-0.34092330329225673
2021-06-11,33451.0,37554.0,33451.0,36903.0,42952476854.83458,-0.016444562899786797,-0.329438700416114
2021-06-15,37289.0,40625.0,35666.0,40625.0,45836408439.45157,0.030908214276651247,-0.3075559494792821
2021-06-19,40378.0,40378.0,35881.0,35881.0,35162612172.75275,0.004647907041859245,-0.39246528953606497
2021-06-23,35582.0,35787.0,31712.0,32508.0,57443014757.92467,-0.13739850342302184,-0.4401157383486618
2021-06-27,33703.0,34675.0,31943.0,32024.0,36873109419.90242,-0.10632360328179946,-0.4660797945947749
2021-06-30,34607.0,35969.0,34557.0,35969.0,35121257875.54662,-0.0253095954258461,-0.427309057907558
2021-07-03,35171.0,35171.0,33678.0,33951.0,25084046353.169456,-0.16428307692307698,-0.3968448542343975
2021-07-07,34730.0,35394.0,33928.0,34150.0,26106856611.92326,-0.04824280259747493,-0.3428395489358427
2021-07-11,33932.0,33971.0,32934.0,33705.0,20558304483.59407,0.036821705426356655,-0.375590507419552
2021-07-15,34300.0,34300.0,32676.0,32879.0,21779069066.445965,0.026698725955533353,-0.3865514860906394
2021-07-19,31726.0,31919.0,31400.0,31919.0,17742105807.895496,-0.11259695849203477,-0.43607003409833744
2021-07-23,30928.0,32409.0,29972.0,32409.0,19741588059.45234,-0.045418397101705366,-0.42647058823529416
2021-07-27,33456.0,37282.0,33456.0,37282.0,53550491997.72306,0.09171303074670578,-0.3330828950663661
2021-07-31,39077.0,41936.0,39077.0,41936.0,35530501782.520935,0.24420709093606296,-0.15981808346522952
2021-08-03,41754.0,41754.0,39279.0,39279.0,28057528866.262108,0.19465312205359053,-0.08846394838829452
2021-08-07,38368.0,42802.0,38368.0,42802.0,40840608016.843094,0.3409567968921332,0.14077825159914714
2021-08-11,44648.0,46311.0,43753.0,45640.0,35669862361.54627,0.408250794532383,0.15816986829751056
2021-08-15,45652.0,47717.0,44495.0,47089.0,33294851810.64847,0.2630491926398799,0.3184656306873863
2021-08-19,47025.0,47025.0,44534.0,45015.0,34668999387.83819,0.07342140404425801,0.19447540200604996
2021-08-23,46745.0,49251.0,46745.0,49251.0,27110183703.24463,0.25387611700908885,0.37442094100574863
2021-08-27,49519.0,49519.0,47229.0,47229.0,33774857002.92822,0.10342974627353851,0.2798146492155109
2021-08-31,49083.0,49083.0,47124.0,47124.0,32326073271.91957,0.03251533742331292,0.15997538461538463
2021-09-03,47335.0,49339.0,47335.0,49339.0,39362789535.46043,0.04778185988235051,0.37507315849614
2021-09-07,49935.0,52740.0,49935.0,52740.0,37532574716.902405,0.17160946351216255,0.6223698781838316
2021-09-11,46995.0,46995.0,44803.0,44803.0,38051987740.157684,-0.09031288704797868,0.3990444666500126
2021-09-15,45196.0,47135.0,45140.0,47135.0,38645575965.52751,-0.00199030256833721,0.31043398482026197
2021-09-19,48187.0,48267.0,47229.0,48267.0,27630476157.8273,0.02425515660809774,0.4216665193955995
2021-09-23,47371.0,47371.0,40387.0,43587.0,36624234960.05299,-0.11658120351040757,0.2763396778916545
2021-09-27,44981.0,44981.0,42752.0,43337.0,30462815705.283737,-0.17828972317026925,0.2857736240913811
2021-09-30,42247.0,42247.0,41010.0,41588.0,30068690311.96594,-0.07175858759458076,0.26488031874448725
2021-10-03,43859.0,48182.0,43859.0,47778.0,29742127387.956066,0.013641667550652326,0.4968514051192079
2021-10-07,48283.0,55415.0,48283.0,55415.0,48462388015.80152,0.14809289991091212,0.7098645437995619
2021-10-11,53895.0,55125.0,53895.0,54712.0,38579271671.06987,0.2552366531305206,0.46751783702591054
2021-10-15,57573.0,57573.0,56335.0,57452.0,35994603913.188385,0.3257032097284076,0.36999236932468516
2021-10-19,61809.0,62018.0,61166.0,62018.0,39610183787.235275,0.4912474752332403,0.578909850047099
2021-10-23,64518.0,66238.0,61029.0,61029.0,40766460604.96904,0.27734522165013176,0.4258445867015559
2021-10-27,61572.0,63228.0,60604.0,60604.0,33233702858.09473,0.0936389064332761,0.3278702892199825
2021-10-31,58641.0,62283.0,58641.0,61837.0,31810216329.529858,0.13022737242286886,0.3131941642421796
2021-11-03,61472.0,63247.0,61122.0,63247.0,37335066460.155334,0.10086681055489799,0.4050205487059868
2021-11-07,63131.0,63131.0,61247.0,61661.0,31423601393.173405,-0.005756393305169416,0.25197457919636146
2021-11-11,63153.0,67617.0,63153.0,65061.0,48648563669.37678,0.06606695177702404,0.377564631899892
2021-11-15,65006.0,65649.0,64432.0,65649.0,26088449436.717113,0.0832453303412315,0.3931117901706136
2021-11-19,63934.0,63934.0,56987.0,56987.0,41828523861.71753,-0.07843200672736383,0.15500922191369915
2021-11-23,58459.0,60083.0,56387.0,56387.0,34001467918.52828,-0.1084636425443104,0.06915054986727331
2021-11-27,57749.0,58898.0,53828.0,53828.0,41325811946.27098,-0.127033294951428,0.20143740374528485
2021-11-30,54533.0,57849.0,54533.0,57849.0,30985196646.76598,-0.110849817863236,0.22730455075845968
2021-12-03,57011.0,57169.0,56508.0,56508.0,36296342256.75686,-0.1392405063291139,0.17073777114798938
2021-12-07,53786.0,53786.0,49162.0,50462.0,36126018721.826546,-0.11449979819958933,0.15773051597953525
2021-12-11,50648.0,50648.0,47304.0,47304.0,29611257204.740986,-0.16108322840371003,0.09153840828852933
2021-12-15,49242.0,50051.0,46696.0,48411.0,30152105689.95273,-0.10063535706323845,0.1640617485813216
2021-12-19,48937.0,48937.0,46329.0,46970.0,23305069269.64378,-0.18805856626735118,-0.01691154924860816
2021-12-23,46807.0,49145.0,46807.0,48756.0,21887790445.928295,-0.13718411552346566,-0.12016602003067767
2021-12-27,50901.0,50901.0,50663.0,50853.0,19632044502.131416,0.007748404740200554,-0.07053297265682112
2021-12-31,50774.0,50774.0,46507.0,47192.0,23753871435.216618,-0.002367664468121089,-0.17858386131031123
2022-01-03,46320.0,47816.0,46320.0,47387.0,33756128241.98571,-0.021152217471235857,-0.23591537940597895
2022-01-07,46531.0,46531.0,43216.0,43216.0,26366602396.811768,-0.07992335533319139,-0.29187763194546856
2022-01-11,41527.0,41870.0,41527.0,41870.0,27984634062.049942,-0.14123389941750764,-0.3091215101313445
2022-01-15,42777.0,43982.0,42608.0,43121.0,20238314434.86153,-0.1520460936424597,-0.30266668822873033
2022-01-19,43227.0,43227.0,42298.0,42395.0,18897950050.285973,-0.10164858450584846,-0.3296915268708397
2022-01-23,41750.0,41750.0,35180.0,35180.0,35517336417.257744,-0.25760229598835127,-0.42946108561327256
2022-01-27,36306.0,36989.0,36306.0,36870.0,26756873749.744743,-0.14684376156978896,-0.4333010559321252
2022-01-31,37277.0,38232.0,37277.0,37983.0,11807185113.633108,-0.09283496536899927,-0.4214230224375086
2022-02-03,38556.0,38836.0,37001.0,37001.0,16709908527.231106,-0.1419262076482456,-0.35071156579570784
2022-02-07,37101.0,42476.0,37101.0,42476.0,13206494654.908047,0.0019106026654087671,-0.24670580098249595
2022-02-11,43911.0,44384.0,43628.0,43628.0,27877618433.98099,0.24013644115974975,-0.18949245745708554
2022-02-15,42445.0,42635.0,42248.0,42635.0,18090873762.822777,0.15636018443178745,-0.26299503880793096
2022-02-19,44574.0,44574.0,40073.0,40073.0,20130002755.177864,0.05502461627570221,-0.2908437743328378
2022-02-23,40193.0,40193.0,37060.0,38337.0,22212181617.200245,0.036107132239669104,-0.2402798145138917
2022-02-27,37372.0,39316.0,37372.0,39090.0,14568201294.74542,-0.07971560410584799,-0.1736428209030949
2022-02-28,37804.0,44460.0,37804.0,43981.0,19424397945.619602,0.008091134134042388,-0.0915081283179443
2022-03-07,42492.0,42492.0,38443.0,38443.0,16995562040.606796,-0.09832297408232671,-0.18154140941026187
2022-03-11,38076.0,41986.0,38076.0,39468.0,27653455219.04128,-0.015097447158934907,-0.19049963081466892
2022-03-15,38775.0,39669.0,37853.0,39669.0,21250969229.221596,0.03474450269974172,-0.2199280278449649
2022-03-19,39332.0,41837.0,39332.0,41837.0,30316128166.48974,0.07027372729598369,-0.11347262247838619
2022-03-23,42202.0,42402.0,41062.0,42402.0,28688623151.357098,-0.03590186671517248,-0.10519762804144595
2022-03-27,42802.0,44511.0,42802.0,44511.0,13676534294.229202,0.15784408084696833,0.02996575342465757
2022-03-31,46715.0,47459.0,46715.0,47063.0,24497248306.346912,0.19243437721698586,0.12402674946262238
2022-04-03,45528.0,46270.0,45528.0,45842.0,24803837259.76474,0.1556126950515515,0.06310150506713663
2022-04-07,46435.0,46623.0,43199.0,43199.0,34113818641.77575,0.032554915505413895,0.018964500530723072
2022-04-11,43515.0,43515.0,42275.0,42275.0,14936318818.778025,-0.0029951417385972734,0.20167708925525862
2022-04-15,39604.0,41205.0,39604.0,39959.0,22744792147.00975,-0.10226685538406233,0.08378085164090043
2022-04-19,40587.0,40834.0,39739.0,40834.0,30617039399.980103,-0.13235450353781097,0.07505989521628087
2022-04-23,41498.0,41498.0,39757.0,39757.0,46022063018.95215,-0.1327385367130579,0.0744844733926111
2022-04-27,39562.0,40489.0,38134.0,38134.0,31053018153.386673,-0.11724808444639923,-0.10222243149072419
2022-04-30,39238.0,39742.0,38651.0,38651.0,27758348826.409065,-0.08572442341809583,-0.11407811497203635
2022-05-03,37821.0,38562.0,37821.0,38562.0,29825308569.42226,-0.034960834855727096,-0.0955318400375279
2022-05-07,37758.0,39699.0,36116.0,36116.0,32223287014.454002,-0.11554097075966108,-0.0987447907568687
2022-05-11,35573.0,35573.0,30270.0,31027.0,54071363210.08785,-0.21958397263375007,-0.19067741346479905
2022-05-15,28913.0,30189.0,28913.0,30189.0,25759546763.688618,-0.20834425971573922,-0.2277052954719877
2022-05-19,31319.0,31319.0,28772.0,28772.0,26219431165.241817,-0.255594939328866,-0.34580841727109435
2022-05-23,30382.0,30382.0,29257.0,30351.0,17199930154.801018,-0.21292982729111565,-0.21049345784668205
2022-05-27,29163.0,29655.0,29163.0,29347.0,31972044691.709656,-0.1874238564625097,-0.2564355933921151
2022-05-31,28647.0,31741.0,28647.0,31741.0,34891305294.623,0.02301221516743479,-0.1998537901131866
2022-06-03,31866.0,31866.0,29833.0,30481.0,24232399986.261147,0.009672397230779506,-0.27143437626980904
2022-06-07,29714.0,31373.0,29714.0,31373.0,27644798123.298183,0.09040038926734328,-0.2601056553936135
2022-06-11,31265.0,31265.0,29101.0,29101.0,25663085729.428833,-0.04118480445454842,-0.34620655568286496
2022-06-15,28374.0,28374.0,22245.0,22245.0,47639470967.891426,-0.24200088595086378,-0.5273356989567176
2022-06-19,22529.0,22529.0,19047.42,19047.42,38920632524.1614,-0.39991115591821313,-0.5844984948300685
2022-06-23,20516.0,20701.0,19983.57,19983.57,24955466738.110855,-0.3443925724221646,-0.5374066529317809
2022-06-27,21100.0,21526.0,21053.0,21053.0,15392697878.417652,-0.32894527141172347,-0.5019988172678889
2022-06-30,20751.0,20751.0,20109.0,20109.0,20744333507.35517,-0.30899281811621593,-0.4967591781576115
2022-07-03,19608.4,19608.4,19268.23,19268.23,15601715000.679424,-0.13381748707574737,-0.5281326835480238
2022-07-07,19310.23,20567.0,19310.23,20567.0,21755499642.28282,0.07977878368828972,-0.4826822949417713
2022-07-11,21661.0,21859.0,20860.0,20860.0,25037950754.003357,0.04385752896004069,-0.4529815912309225
2022-07-15,19998.47,20575.0,19350.74,20575.0,28732413536.669937,-0.02270460266945329,-0.4676722465136737
2022-07-19,20795.0,22395.0,20795.0,22395.0,58636734705.48306,0.11368044159331636,-0.4192469270266065
2022-07-23,23367.0,23367.0,22697.0,22697.0,40304373301.41499,0.1779494016834966,-0.37155277439362056
2022-07-27,22506.0,22614.0,21236.0,21236.0,53995620035.18145,0.0325278358535519,-0.3155638637315886
2022-07-31,22909.0,23848.0,22909.0,23653.0,62102072346.807785,0.1338926174496644,-0.21650269965881608
2022-08-03,23380.0,23380.0,23054.0,23054.0,35151096516.75639,0.12048602673147024,-0.19873488113443627
2022-08-07,22860.0,23225.0,22678.0,22985.0,14439694271.14074,0.02634516633177042,-0.24269381568976311
2022-08-11,23198.0,23949.0,23198.0,23949.0,32215976525.650154,0.05516147508481306,-0.18393702933860356
2022-08-15,23949.0,24434.0,23949.0,24313.0,21287616855.704494,0.14489546053870783,-0.23401909202608617
2022-08-19,24179.0,24179.0,23248.0,23248.0,20228208349.156567,-0.01712256373398724,-0.2372953643253174
2022-08-23,20946.0,21616.0,20946.0,21388.0,28856912427.175735,-0.0722651166825714,-0.31826729990756386
2022-08-27,21562.0,21618.0,20271.0,20271.0,34910727805.04114,-0.11807700674352839,-0.3034259991065599
2022-08-31,20070.0,20309.0,19659.25,19805.35,30308993725.456158,-0.17301975030272665,-0.10967183636772315
2022-09-03,20024.0,20154.0,19941.45,19941.45,24078042298.340073,-0.17980298605684197,0.04693706549233445
2022-09-07,19814.56,19980.01,18859.5,18859.5,39940310406.47586,-0.18876892635925668,-0.056249709136055204
2022-09-11,19280.63,21707.0,19280.63,21707.0,35941349745.24438,0.014914905554516578,0.031064456372013494
2022-09-15,21740.0,22340.0,20185.0,20256.0,35789015870.392235,-0.0007399733609589898,0.007310159630016466
2022-09-19,19702.17,20132.0,19437.16,19437.16,28689764413.699097,-0.018590431373340932,0.008767281685966966
2022-09-23,19570.39,19570.39,18539.64,19464.32,37660914389.8923,-0.0239265449603715,-0.053614041911800525
2022-09-27,19291.9,19291.9,18809.41,19219.73,42560193944.41844,0.019100718470797196,-0.07863231064237775
2022-09-30,19116.33,19563.77,19116.33,19563.77,37537716230.48356,-0.09873450960519647,-0.049148481166464086
2022-10-03,19476.93,19476.93,19065.15,19065.15,17859684587.64641,-0.0587899881516587,-0.14868720696584048
2022-10-07,19620.57,20345.0,19620.57,19949.05,31354758329.142307,0.02633563751082968,-0.12107106666079226
2022-10-11,19457.31,19457.31,19142.69,19142.69,23743487600.53748,-0.01652408098510516,-0.09857364852137884
2022-10-15,19058.63,19383.94,19058.63,19198.11,34806651159.13548,-0.001124885729404057,-0.1883435505009935
2022-10-19,19072.78,19557.9,19072.78,19348.03,25848175158.687187,-0.01102752690304587,-0.16075171336861283
2022-10-23,19134.24,19203.87,19031.16,19203.87,13362526957.65784,0.007276103256465216,-0.16450424189688928
2022-10-27,19574.82,20774.0,19316.94,20774.0,50667020407.51415,0.041352846376143226,-0.13257338511002548
2022-10-31,20278.0,20801.0,20278.0,20624.0,24707906148.749344,0.0773825413251743,-0.15172952741331802
2022-11-03,20495.0,20495.0,20163.0,20163.0,44539856162.44828,0.05025963493281371,-0.13269958706125262
2022-11-07,20211.0,21283.0,20211.0,20907.0,50602704770.812515,0.0805751283205578,-0.02248924630633997
2022-11-11,20598.0,20598.0,15742.44,17594.92,65200666543.364624,-0.0837825917380195,-0.13201519411967844
2022-11-15,17080.22,17080.22,16344.34,16645.83,37539226046.106285,-0.19871810917493016,-0.15952861221841563
2022-11-19,16890.53,16890.53,16689.4,16707.02,20942172141.414623,-0.18992339022498061,-0.1621963297553588
2022-11-23,16712.73,16712.73,15814.34,16171.63,25091849198.571053,-0.197955165401974,-0.14252074551287153
2022-11-27,16608.01,16608.01,16456.16,16456.16,18243019109.753235,-0.21288754962452772,-0.24189616252821666
2022-11-30,16459.15,16459.15,16222.21,16441.98,24663035431.352062,-0.06552686798234941,-0.1882908767772512
2022-12-03,17186.5,17186.5,16972.73,17084.87,20945433171.615204,0.02637537449319116,-0.1210202519298087
2022-12-07,16923.38,17149.93,16923.38,17085.64,21026126511.19885,0.022662329966684602,-0.12220719757998222
2022-12-11,16851.3,17235.01,16851.3,17125.36,14234368489.844261,0.0589755021602647,-0.1089697930199851
2022-12-15,17101.04,17808.72,17101.04,17808.72,27267536668.811485,0.08219171422737759,-0.08970919204222905
2022-12-19,17338.36,17338.36,16623.76,16742.82,11134054723.147482,0.018297066411709473,-0.12181021392435942
2022-12-23,16422.56,16899.33,16422.56,16824.79,17847826941.681046,-0.015222825810205065,-0.1566119689910045
2022-12-27,16791.46,16900.08,16791.46,16900.08,12574997282.039291,-0.010860582336979951,-0.1171522915535903
2022-12-31,16701.84,16701.84,16538.91,16604.02,17497327983.349342,-0.030442571718200417,-0.13512215525382443
2023-01-03,16540.69,16674.34,16540.69,16674.34,13023861027.769472,-0.06369800861600394,-0.1381892626794562
2023-01-07,16677.65,16960.23,16677.65,16960.23,19046576249.728558,0.01298526771475772,-0.11683270090872311
2023-01-11,16950.86,17436.9,16950.86,17436.9,21858206845.29233,0.03638143477570899,-0.1606382978723404
2023-01-15,17996.83,21019.0,17996.83,21019.0,49498711311.53301,0.24372192320983088,0.019152443754848703
2023-01-19,20853.0,21175.0,20727.0,20727.0,40612056908.80891,0.24831215573096155,0.027972027972027913
2023-01-23,21082.0,22771.0,21082.0,22737.0,34124364415.43915,0.3635922021501301,0.0875304921796527
2023-01-27,22985.0,23180.0,22610.0,23025.0,37099702812.22777,0.35758772139292927,0.3086163506284769
2023-01-31,23083.0,23797.0,22840.0,22840.0,38594596831.97205,0.30986585918368514,0.37211541869645415
2023-02-03,23137.0,23725.0,23137.0,23540.0,44735297656.69828,0.1199391027165897,0.4089885569060192
2023-02-07,23452.0,23452.0,22786.0,22786.0,33963650031.470352,0.09933902639069814,0.4090107181527156
2023-02-11,23295.0,23295.0,21630.0,21630.0,42389972640.44812,-0.04868716189470912,0.3144014156401007
2023-02-15,21889.0,22220.0,21780.0,22220.0,45363697019.73754,-0.03496199782844733,0.35141874640402193
2023-02-19,24308.0,24643.0,23757.0,24643.0,24900444765.27695,0.07894045534150607,0.44238732867150876
2023-02-23,24284.0,24787.0,24146.0,24146.0,40336608135.49699,0.025743415463041597,0.4132335692429432
2023-02-27,23951.0,23951.0,23157.0,23541.0,24469102669.371048,0.03313438076011588,0.3746280370164481
2023-02-28,23518.0,23634.0,23156.0,23464.0,28832423816.478718,0.08478964401294498,0.31755679240282286
2023-03-07,22367.0,22422.0,22348.0,22415.0,21124920006.057713,0.008775877587758885,0.33878283347727556
2023-03-11,22217.0,22217.0,20195.0,20195.0,51593890225.48742,-0.1804975043622935,0.20031215842812888
2023-03-15,20522.0,24759.0,20522.0,24759.0,70714394276.37074,0.02538722769816948,0.4650226507803512
2023-03-19,24471.0,27467.0,24471.0,27108.0,46473651090.578415,0.15152287498407024,0.6326166795751871
2023-03-23,28187.0,28264.0,27449.0,27449.0,35394833933.50181,0.16983464030003415,0.6461820977621904
2023-03-27,28460.0,28460.0,27595.0,28048.0,14450374261.063795,0.25130492973455265,0.6537511578557602
2023-03-31,27182.0,28395.0,27182.0,28041.0,22702531379.35043,0.3885120079227531,0.6081413554014761
2023-04-03,28517.0,28517.0,28237.0,28237.0,11682876586.814528,0.14047417100852222,0.34340358723060094
2023-04-07,27815.0,28197.0,27815.0,28043.0,13079528995.139923,0.03449166297771877,0.35296955661697305
2023-04-11,27934.0,29658.0,27934.0,29658.0,17475381731.251884,0.08047652009180672,0.30439371948805904
2023-04-15,30261.0,30468.0,29904.0,30468.0,20984067684.216217,0.08628066172276094,0.3232573289902281
2023-04-19,30312.0,30366.0,29467.0,30366.0,18078539248.52104,0.08291430405477684,0.3295096322241682
2023-04-23,28833.0,28833.0,27300.0,27862.0,11700230849.968126,-0.013280447639621773,0.18360237892948184
2023-04-27,27607.0,28352.0,27512.0,28352.0,30540034741.28477,0.011018792568555424,0.2442727990871587
2023-04-30,29484.0,29484.0,29218.0,29218.0,9711415138.827158,-0.014835794726549278,0.3508090614886732
2023-05-03,29362.0,29362.0,28126.0,28654.0,17699097406.188805,-0.0595378758041224,0.28955895589558955
2023-05-07,28988.0,29520.0,28846.0,28888.0,6463808309.438925,-0.048672857801488556,0.1722598709572698
2023-05-11,28611.0,28611.0,27607.0,27640.0,17159331951.189877,-0.007967841504558204,0.14470305640685832
2023-05-15,27025.0,27025.0,26788.0,26912.0,6019488454.419681,-0.050790067720090315,0.14319697548957144
2023-05-19,27228.0,27390.0,26843.0,26843.0,12599487111.93878,-0.08128550893284958,0.14400784180020465
2023-05-23,26884.0,27094.0,26774.0,26870.0,8025716966.179398,-0.06226006840231735,0.19875083649341962
2023-05-27,27223.0,27223.0,26339.0,26718.0,10994037071.45216,-0.07511769592910555,0.3230007427581085
2023-05-31,26848.0,28110.0,26848.0,27714.0,12766436369.815956,0.002677279305354663,0.11935053919786753
2023-06-03,27245.0,27248.0,26824.0,27248.0,15428145241.775957,0.012485136741973824,0.005164527076877645
2023-06-07,27066.0,27315.0,25793.0,27217.0,22188018260.83246,0.013932868904369844,-0.008452038325622024
2023-06-11,26346.0,26508.0,25858.0,25858.0,9755626714.244692,-0.03766282098995166,-0.0780804335424986
2023-06-15,25917.0,25917.0,25108.0,25108.0,11982737579.702812,-0.06025900142226215,-0.10459684034092931
2023-06-19,25565.0,26501.0,25565.0,26333.0,8589379740.11672,-0.04983041062278992,-0.06742925948223966
2023-06-23,26779.0,30102.0,26779.0,29936.0,19613389213.798763,0.09864944216089255,0.06750347680348034
2023-06-27,30629.0,30629.0,30286.0,30286.0,16032184116.631308,0.11276040709850466,0.02117472520062047
2023-06-30,30694.0,30694.0,30083.0,30467.0,12545425127.446297,0.1782427101864026,-3.282132072990329e-05
2023-07-03,30481.0,30584.0,30481.0,30572.0,7236318143.905301,0.21761988210928784,0.006783903049463191
2023-07-07,31135.0,31135.0,29990.0,29990.0,21776707863.503353,0.13887517563513452,0.07637642667432343
2023-07-11,30315.0,30394.0,30170.0,30394.0,12835219756.96589,0.015299305184393264,0.07202313769751689
2023-07-15,30621.0,31446.0,30312.0,30312.0,21977151420.853252,0.0008584824671464819,0.03744267232527898
2023-07-19,30298.0,30298.0,29848.0,29848.0,13152758553.030825,-0.02031706436472247,0.0416695749284568
2023-07-23,29920.0,29920.0,29710.0,29710.0,6745541064.873876,-0.02819573465916525,0.028454721683744078
2023-07-27,30058.0,30058.0,29185.0,29364.0,13088677750.42505,-0.02087362454151387,0.06237337192474679
2023-07-31,29200.0,29357.0,29200.0,29278.0,7872881636.625643,-0.036717773244719365,0.0879161712247325
2023-08-03,29233.0,29537.0,29147.0,29147.0,19266318894.086517,-0.03843362364740033,0.08583243303654586
2023-08-07,29176.0,29176.0,29044.0,29044.0,5360283576.269965,-0.026936478155990318,0.08090807592110161
2023-08-11,29178.0,29780.0,29178.0,29424.0,8106253519.025447,-0.00962638842140695,0.10128003593083323
2023-08-15,29397.0,29412.0,29285.0,29401.0,12408355477.111338,0.0012600463152159236,0.06087176156455221
2023-08-19,29170.0,29170.0,26043.0,26043.0,18062351745.50358,-0.11049251998087306,-0.04422342924251321
2023-08-23,26105.0,26161.0,26034.0,26034.0,13702941053.015312,-0.10680344460836455,-0.043465481133115325
2023-08-27,26450.0,26450.0,26002.0,26002.0,3420999388.355067,-0.10473763944360281,0.0055688761698506895
2023-08-31,26083.0,27731.0,26083.0,27297.0,16029914124.395369,-0.0722879282218597,0.08718336785088421
2023-09-03,25927.0,25927.0,25812.0,25854.0,8203515572.755595,-0.12064215502874054,-0.01819010367219842
2023-09-07,25960.0,25960.0,25753.0,25753.0,12225427270.62692,-0.011135429865990809,-0.13973142704436126
2023-09-11,26192.0,26192.0,25835.0,25835.0,6603006234.083502,-0.007643850349542958,-0.14696559466420123
2023-09-15,25133.0,26531.0,25133.0,26531.0,11739428177.432598,0.02034458887777868,-0.12918895854531132
2023-09-19,26635.0,26741.0,26521.0,26741.0,16477839825.058361,-0.020368538667252856,-0.12531074185529245
2023-09-23,27219.0,27219.0,26561.0,26572.0,9968041758.936823,0.027771331322039128,-0.11397132377459152
2023-09-27,26574.0,26574.0,26205.0,26205.0,9786025048.05344,0.017551353240399248,-0.13782325458972167
2023-09-30,26350.0,27009.0,26350.0,26917.0,9059145545.41355,0.041881168956841464,-0.11200184745315389
2023-10-03,26970.0,27968.0,26970.0,27615.0,18127133423.881855,0.040857864385059006,-0.07481238273921198
2023-10-07,27439.0,27958.0,27436.0,27958.0,13817979024.520027,0.045510639093526706,-0.058970043756310986
2023-10-11,27978.0,27978.0,27392.0,27392.0,10151720983.669058,0.03085955140749652,-0.06715706307042635
2023-10-15,26842.0,26863.0,26729.0,26863.0,5543160607.188677,0.025109711887044472,-0.0824851424277615
2023-10-19,27150.0,28513.0,27150.0,28328.0,13461030457.558897,0.05242040346249577,-0.028098946718358664
2023-10-23,28716.0,30019.0,28716.0,30019.0,11330304246.065748,0.08705413724425126,0.03356975623192393
2023-10-27,32953.0,34472.0,32953.0,34174.0,17712548549.578587,0.22233350025037546,0.16143284393692214
2023-10-31,33899.0,34556.0,33899.0,34499.0,17075173423.648043,0.2594553154205608,0.17339546273936257
2023-11-03,34672.0,35457.0,34672.0,34924.0,20690186421.955303,0.3000781744406804,0.34101294013746486
2023-11-07,34731.0,35062.0,34731.0,35031.0,12717348149.539808,0.2366210110138378,0.34558654067757555
2023-11-11,35437.0,37344.0,35437.0,37344.0,23152060053.421646,0.24401212565375263,0.4361972155988001
